2025-03-04 12:28:56.769952 INFO::Writing function arguments to log file
2025-03-04 12:28:56.775676 DEBUG::Function arguments
2025-03-04 12:28:56.775905 DEBUG::Output folder: Maaslin2-filtering
2025-03-04 12:28:56.776084 DEBUG::Min Abundance: 0.000000
2025-03-04 12:28:56.776248 DEBUG::Min Prevalence: 0.000000
2025-03-04 12:28:56.7764 DEBUG::Normalization: TSS
2025-03-04 12:28:56.776575 DEBUG::Transform: AST
2025-03-04 12:28:56.776724 DEBUG::Analysis method: LM
2025-03-04 12:28:56.776865 DEBUG::Max significance: 0.250000
2025-03-04 12:28:56.777004 DEBUG::Random effects:
2025-03-04 12:28:56.777148 DEBUG::Fixed effects: Filtered
2025-03-04 12:28:56.777285 DEBUG::Correction method: BH
2025-03-04 12:28:56.777421 DEBUG::Standardize: FALSE
2025-03-04 12:28:56.777564 DEBUG::Cores: 1
2025-03-04 12:28:56.777703 INFO::Verifying options selected are valid
2025-03-04 12:28:56.809179 INFO::Determining format of input files
2025-03-04 12:28:56.810024 INFO::Input format is data samples as rows and metadata samples as rows
2025-03-04 12:28:56.810997 DEBUG::A total of 16 samples were found in both the data and metadata
2025-03-04 12:28:56.811192 DEBUG::Reordering data/metadata to use same sample ordering
2025-03-04 12:28:56.815313 INFO::Formula for fixed effects: expr ~  Filtered
2025-03-04 12:28:56.816338 INFO::Filter data based on min abundance and min prevalence
2025-03-04 12:28:56.817018 INFO::Total samples in data: 16
2025-03-04 12:28:56.817687 INFO::Min samples required with min abundance for a feature not to be filtered: 0.000000
2025-03-04 12:28:56.824348 INFO::Total filtered features: 0
2025-03-04 12:28:56.825122 INFO::Filtered feature names from abundance and prevalence filtering:
2025-03-04 12:28:56.833806 INFO::Total filtered features with variance filtering: 0
2025-03-04 12:28:56.834546 INFO::Filtered feature names from variance filtering:
2025-03-04 12:28:56.835111 INFO::Running selected normalization method: TSS
2025-03-04 12:28:56.840106 INFO::Bypass z-score application to metadata
2025-03-04 12:28:56.840773 INFO::Running selected transform method: AST
2025-03-04 12:28:56.84674 INFO::Running selected analysis method: LM
2025-03-04 12:28:56.938504 INFO::Fitting model to feature number 1, ASV3
2025-03-04 12:28:56.941969 INFO::Fitting model to feature number 2, ASV5
2025-03-04 12:28:56.944084 INFO::Fitting model to feature number 3, ASV6
2025-03-04 12:28:56.946004 INFO::Fitting model to feature number 4, ASV7
2025-03-04 12:28:56.947894 INFO::Fitting model to feature number 5, ASV8
2025-03-04 12:28:56.949755 INFO::Fitting model to feature number 6, ASV9
2025-03-04 12:28:56.951601 INFO::Fitting model to feature number 7, ASV10
2025-03-04 12:28:56.953476 INFO::Fitting model to feature number 8, ASV11
2025-03-04 12:28:56.955936 INFO::Fitting model to feature number 9, ASV12
2025-03-04 12:28:56.957744 INFO::Fitting model to feature number 10, ASV13
2025-03-04 12:28:56.959563 INFO::Fitting model to feature number 11, ASV14
2025-03-04 12:28:56.961437 INFO::Fitting model to feature number 12, ASV15
2025-03-04 12:28:56.963259 INFO::Fitting model to feature number 13, ASV16
2025-03-04 12:28:56.965085 INFO::Fitting model to feature number 14, ASV17
2025-03-04 12:28:56.966905 INFO::Fitting model to feature number 15, ASV18
2025-03-04 12:28:56.968716 INFO::Fitting model to feature number 16, ASV19
2025-03-04 12:28:56.970921 INFO::Fitting model to feature number 17, ASV20
2025-03-04 12:28:56.97271 INFO::Fitting model to feature number 18, ASV21
2025-03-04 12:28:56.974508 INFO::Fitting model to feature number 19, ASV22
2025-03-04 12:28:56.976332 INFO::Fitting model to feature number 20, ASV23
2025-03-04 12:28:56.97823 INFO::Fitting model to feature number 21, ASV24
2025-03-04 12:28:56.980131 INFO::Fitting model to feature number 22, ASV25
2025-03-04 12:28:56.982033 INFO::Fitting model to feature number 23, ASV26
2025-03-04 12:28:56.983841 INFO::Fitting model to feature number 24, ASV27
2025-03-04 12:28:56.986053 INFO::Fitting model to feature number 25, ASV28
2025-03-04 12:28:56.987886 INFO::Fitting model to feature number 26, ASV29
2025-03-04 12:28:57.016209 INFO::Fitting model to feature number 27, ASV30
2025-03-04 12:28:57.018343 INFO::Fitting model to feature number 28, ASV31
2025-03-04 12:28:57.020362 INFO::Fitting model to feature number 29, ASV32
2025-03-04 12:28:57.022279 INFO::Fitting model to feature number 30, ASV33
2025-03-04 12:28:57.024178 INFO::Fitting model to feature number 31, ASV34
2025-03-04 12:28:57.02624 INFO::Fitting model to feature number 32, ASV35
2025-03-04 12:28:57.028475 INFO::Fitting model to feature number 33, ASV36
2025-03-04 12:28:57.030318 INFO::Fitting model to feature number 34, ASV37
2025-03-04 12:28:57.032248 INFO::Fitting model to feature number 35, ASV38
2025-03-04 12:28:57.034097 INFO::Fitting model to feature number 36, ASV39
2025-03-04 12:28:57.035944 INFO::Fitting model to feature number 37, ASV42
2025-03-04 12:28:57.037823 INFO::Fitting model to feature number 38, ASV43
2025-03-04 12:28:57.039683 INFO::Fitting model to feature number 39, ASV44
2025-03-04 12:28:57.041591 INFO::Fitting model to feature number 40, ASV45
2025-03-04 12:28:57.043861 INFO::Fitting model to feature number 41, ASV46
2025-03-04 12:28:57.045641 INFO::Fitting model to feature number 42, ASV47
2025-03-04 12:28:57.047501 INFO::Fitting model to feature number 43, ASV48
2025-03-04 12:28:57.049362 INFO::Fitting model to feature number 44, ASV49
2025-03-04 12:28:57.051283 INFO::Fitting model to feature number 45, ASV50
2025-03-04 12:28:57.053272 INFO::Fitting model to feature number 46, ASV51
2025-03-04 12:28:57.055455 INFO::Fitting model to feature number 47, ASV52
2025-03-04 12:28:57.058462 INFO::Fitting model to feature number 48, ASV53
2025-03-04 12:28:57.060769 INFO::Fitting model to feature number 49, ASV54
2025-03-04 12:28:57.062497 INFO::Fitting model to feature number 50, ASV55
2025-03-04 12:28:57.064245 INFO::Fitting model to feature number 51, ASV56
2025-03-04 12:28:57.066021 INFO::Fitting model to feature number 52, ASV58
2025-03-04 12:28:57.067818 INFO::Fitting model to feature number 53, ASV59
2025-03-04 12:28:57.069603 INFO::Fitting model to feature number 54, ASV60
2025-03-04 12:28:57.071364 INFO::Fitting model to feature number 55, ASV61
2025-03-04 12:28:57.073375 INFO::Fitting model to feature number 56, ASV62
2025-03-04 12:28:57.075561 INFO::Fitting model to feature number 57, ASV63
2025-03-04 12:28:57.077328 INFO::Fitting model to feature number 58, ASV64
2025-03-04 12:28:57.079135 INFO::Fitting model to feature number 59, ASV65
2025-03-04 12:28:57.080919 INFO::Fitting model to feature number 60, ASV66
2025-03-04 12:28:57.082727 INFO::Fitting model to feature number 61, ASV67
2025-03-04 12:28:57.084538 INFO::Fitting model to feature number 62, ASV68
2025-03-04 12:28:57.086257 INFO::Fitting model to feature number 63, ASV69
2025-03-04 12:28:57.088072 INFO::Fitting model to feature number 64, ASV70
2025-03-04 12:28:57.17847 INFO::Fitting model to feature number 65, ASV71
2025-03-04 12:28:57.18075 INFO::Fitting model to feature number 66, ASV72
2025-03-04 12:28:57.182832 INFO::Fitting model to feature number 67, ASV73
2025-03-04 12:28:57.184916 INFO::Fitting model to feature number 68, ASV74
2025-03-04 12:28:57.186903 INFO::Fitting model to feature number 69, ASV75
2025-03-04 12:28:57.188883 INFO::Fitting model to feature number 70, ASV76
2025-03-04 12:28:57.190742 INFO::Fitting model to feature number 71, ASV77
2025-03-04 12:28:57.192589 INFO::Fitting model to feature number 72, ASV78
2025-03-04 12:28:57.194863 INFO::Fitting model to feature number 73, ASV79
2025-03-04 12:28:57.196697 INFO::Fitting model to feature number 74, ASV80
2025-03-04 12:28:57.198513 INFO::Fitting model to feature number 75, ASV82
2025-03-04 12:28:57.200334 INFO::Fitting model to feature number 76, ASV83
2025-03-04 12:28:57.202153 INFO::Fitting model to feature number 77, ASV84
2025-03-04 12:28:57.203967 INFO::Fitting model to feature number 78, ASV85
2025-03-04 12:28:57.205762 INFO::Fitting model to feature number 79, ASV86
2025-03-04 12:28:57.207545 INFO::Fitting model to feature number 80, ASV87
2025-03-04 12:28:57.209755 INFO::Fitting model to feature number 81, ASV88
2025-03-04 12:28:57.211531 INFO::Fitting model to feature number 82, ASV89
2025-03-04 12:28:57.213306 INFO::Fitting model to feature number 83, ASV90
2025-03-04 12:28:57.215079 INFO::Fitting model to feature number 84, ASV91
2025-03-04 12:28:57.216857 INFO::Fitting model to feature number 85, ASV92
2025-03-04 12:28:57.218614 INFO::Fitting model to feature number 86, ASV94
2025-03-04 12:28:57.220381 INFO::Fitting model to feature number 87, ASV96
2025-03-04 12:28:57.222163 INFO::Fitting model to feature number 88, ASV97
2025-03-04 12:28:57.224334 INFO::Fitting model to feature number 89, ASV98
2025-03-04 12:28:57.226092 INFO::Fitting model to feature number 90, ASV99
2025-03-04 12:28:57.228213 INFO::Fitting model to feature number 91, ASV100
2025-03-04 12:28:57.230048 INFO::Fitting model to feature number 92, ASV101
2025-03-04 12:28:57.231792 INFO::Fitting model to feature number 93, ASV102
2025-03-04 12:28:57.23357 INFO::Fitting model to feature number 94, ASV103
2025-03-04 12:28:57.235337 INFO::Fitting model to feature number 95, ASV104
2025-03-04 12:28:57.237114 INFO::Fitting model to feature number 96, ASV105
2025-03-04 12:28:57.239287 INFO::Fitting model to feature number 97, ASV106
2025-03-04 12:28:57.241076 INFO::Fitting model to feature number 98, ASV107
2025-03-04 12:28:57.242843 INFO::Fitting model to feature number 99, ASV108
2025-03-04 12:28:57.24461 INFO::Fitting model to feature number 100, ASV110
2025-03-04 12:28:57.246356 INFO::Fitting model to feature number 101, ASV111
2025-03-04 12:28:57.248304 INFO::Fitting model to feature number 102, ASV112
2025-03-04 12:28:57.250084 INFO::Fitting model to feature number 103, ASV113
2025-03-04 12:28:57.251841 INFO::Fitting model to feature number 104, ASV114
2025-03-04 12:28:57.253991 INFO::Fitting model to feature number 105, ASV115
2025-03-04 12:28:57.255739 INFO::Fitting model to feature number 106, ASV116
2025-03-04 12:28:57.257517 INFO::Fitting model to feature number 107, ASV117
2025-03-04 12:28:57.259263 INFO::Fitting model to feature number 108, ASV118
2025-03-04 12:28:57.261053 INFO::Fitting model to feature number 109, ASV119
2025-03-04 12:28:57.262863 INFO::Fitting model to feature number 110, ASV120
2025-03-04 12:28:57.264626 INFO::Fitting model to feature number 111, ASV121
2025-03-04 12:28:57.266407 INFO::Fitting model to feature number 112, ASV122
2025-03-04 12:28:57.268594 INFO::Fitting model to feature number 113, ASV123
2025-03-04 12:28:57.27034 INFO::Fitting model to feature number 114, ASV124
2025-03-04 12:28:57.272146 INFO::Fitting model to feature number 115, ASV125
2025-03-04 12:28:57.27393 INFO::Fitting model to feature number 116, ASV126
2025-03-04 12:28:57.275703 INFO::Fitting model to feature number 117, ASV127
2025-03-04 12:28:57.27745 INFO::Fitting model to feature number 118, ASV128
2025-03-04 12:28:57.279251 INFO::Fitting model to feature number 119, ASV129
2025-03-04 12:28:57.281032 INFO::Fitting model to feature number 120, ASV130
2025-03-04 12:28:57.283176 INFO::Fitting model to feature number 121, ASV131
2025-03-04 12:28:57.284874 INFO::Fitting model to feature number 122, ASV133
2025-03-04 12:28:57.286604 INFO::Fitting model to feature number 123, ASV134
2025-03-04 12:28:57.288348 INFO::Fitting model to feature number 124, ASV135
2025-03-04 12:28:57.290097 INFO::Fitting model to feature number 125, ASV136
2025-03-04 12:28:57.291843 INFO::Fitting model to feature number 126, ASV137
2025-03-04 12:28:57.293614 INFO::Fitting model to feature number 127, ASV138
2025-03-04 12:28:57.295377 INFO::Fitting model to feature number 128, ASV139
2025-03-04 12:28:57.297515 INFO::Fitting model to feature number 129, ASV140
2025-03-04 12:28:57.299257 INFO::Fitting model to feature number 130, ASV141
2025-03-04 12:28:57.30104 INFO::Fitting model to feature number 131, ASV142
2025-03-04 12:28:57.302834 INFO::Fitting model to feature number 132, ASV144
2025-03-04 12:28:57.304606 INFO::Fitting model to feature number 133, ASV145
2025-03-04 12:28:57.30638 INFO::Fitting model to feature number 134, ASV146
2025-03-04 12:28:57.308161 INFO::Fitting model to feature number 135, ASV147
2025-03-04 12:28:57.309944 INFO::Fitting model to feature number 136, ASV149
2025-03-04 12:28:57.312108 INFO::Fitting model to feature number 137, ASV151
2025-03-04 12:28:57.313864 INFO::Fitting model to feature number 138, ASV152
2025-03-04 12:28:57.31562 INFO::Fitting model to feature number 139, ASV153
2025-03-04 12:28:57.317372 INFO::Fitting model to feature number 140, ASV154
2025-03-04 12:28:57.319126 INFO::Fitting model to feature number 141, ASV155
2025-03-04 12:28:57.320891 INFO::Fitting model to feature number 142, ASV156
2025-03-04 12:28:57.322642 INFO::Fitting model to feature number 143, ASV157
2025-03-04 12:28:57.32439 INFO::Fitting model to feature number 144, ASV159
2025-03-04 12:28:57.326538 INFO::Fitting model to feature number 145, ASV160
2025-03-04 12:28:57.328274 INFO::Fitting model to feature number 146, ASV161
2025-03-04 12:28:57.330041 INFO::Fitting model to feature number 147, ASV162
2025-03-04 12:28:57.331797 INFO::Fitting model to feature number 148, ASV164
2025-03-04 12:28:57.333614 INFO::Fitting model to feature number 149, ASV165
2025-03-04 12:28:57.335414 INFO::Fitting model to feature number 150, ASV166
2025-03-04 12:28:57.337184 INFO::Fitting model to feature number 151, ASV168
2025-03-04 12:28:57.339013 INFO::Fitting model to feature number 152, ASV169
2025-03-04 12:28:57.341207 INFO::Fitting model to feature number 153, ASV170
2025-03-04 12:28:57.343002 INFO::Fitting model to feature number 154, ASV171
2025-03-04 12:28:57.344779 INFO::Fitting model to feature number 155, ASV172
2025-03-04 12:28:57.346554 INFO::Fitting model to feature number 156, ASV173
2025-03-04 12:28:57.348325 INFO::Fitting model to feature number 157, ASV174
2025-03-04 12:28:57.350077 INFO::Fitting model to feature number 158, ASV176
2025-03-04 12:28:57.351825 INFO::Fitting model to feature number 159, ASV177
2025-03-04 12:28:57.353593 INFO::Fitting model to feature number 160, ASV178
2025-03-04 12:28:57.355745 INFO::Fitting model to feature number 161, ASV180
2025-03-04 12:28:57.357489 INFO::Fitting model to feature number 162, ASV181
2025-03-04 12:28:57.359252 INFO::Fitting model to feature number 163, ASV182
2025-03-04 12:28:57.361027 INFO::Fitting model to feature number 164, ASV183
2025-03-04 12:28:57.3628 INFO::Fitting model to feature number 165, ASV184
2025-03-04 12:28:57.364561 INFO::Fitting model to feature number 166, ASV185
2025-03-04 12:28:57.366317 INFO::Fitting model to feature number 167, ASV186
2025-03-04 12:28:57.368089 INFO::Fitting model to feature number 168, ASV187
2025-03-04 12:28:57.370259 INFO::Fitting model to feature number 169, ASV188
2025-03-04 12:28:57.371969 INFO::Fitting model to feature number 170, ASV189
2025-03-04 12:28:57.373713 INFO::Fitting model to feature number 171, ASV191
2025-03-04 12:28:57.459868 INFO::Fitting model to feature number 172, ASV192
2025-03-04 12:28:57.462711 INFO::Fitting model to feature number 173, ASV193
2025-03-04 12:28:57.464994 INFO::Fitting model to feature number 174, ASV194
2025-03-04 12:28:57.466984 INFO::Fitting model to feature number 175, ASV196
2025-03-04 12:28:57.468891 INFO::Fitting model to feature number 176, ASV197
2025-03-04 12:28:57.471284 INFO::Fitting model to feature number 177, ASV198
2025-03-04 12:28:57.47334 INFO::Fitting model to feature number 178, ASV199
2025-03-04 12:28:57.475161 INFO::Fitting model to feature number 179, ASV200
2025-03-04 12:28:57.476985 INFO::Fitting model to feature number 180, ASV201
2025-03-04 12:28:57.478857 INFO::Fitting model to feature number 181, ASV203
2025-03-04 12:28:57.480729 INFO::Fitting model to feature number 182, ASV205
2025-03-04 12:28:57.482524 INFO::Fitting model to feature number 183, ASV206
2025-03-04 12:28:57.48434 INFO::Fitting model to feature number 184, ASV207
2025-03-04 12:28:57.486569 INFO::Fitting model to feature number 185, ASV208
2025-03-04 12:28:57.488509 INFO::Fitting model to feature number 186, ASV209
2025-03-04 12:28:57.49048 INFO::Fitting model to feature number 187, ASV210
2025-03-04 12:28:57.492524 INFO::Fitting model to feature number 188, ASV212
2025-03-04 12:28:57.49449 INFO::Fitting model to feature number 189, ASV213
2025-03-04 12:28:57.496318 INFO::Fitting model to feature number 190, ASV215
2025-03-04 12:28:57.498131 INFO::Fitting model to feature number 191, ASV216
2025-03-04 12:28:57.500163 INFO::Fitting model to feature number 192, ASV217
2025-03-04 12:28:57.502391 INFO::Fitting model to feature number 193, ASV218
2025-03-04 12:28:57.504291 INFO::Fitting model to feature number 194, ASV219
2025-03-04 12:28:57.506171 INFO::Fitting model to feature number 195, ASV220
2025-03-04 12:28:57.507947 INFO::Fitting model to feature number 196, ASV221
2025-03-04 12:28:57.50969 INFO::Fitting model to feature number 197, ASV222
2025-03-04 12:28:57.511449 INFO::Fitting model to feature number 198, ASV224
2025-03-04 12:28:57.513285 INFO::Fitting model to feature number 199, ASV225
2025-03-04 12:28:57.515141 INFO::Fitting model to feature number 200, ASV227
2025-03-04 12:28:57.517252 INFO::Fitting model to feature number 201, ASV228
2025-03-04 12:28:57.519032 INFO::Fitting model to feature number 202, ASV231
2025-03-04 12:28:57.520823 INFO::Fitting model to feature number 203, ASV232
2025-03-04 12:28:57.522689 INFO::Fitting model to feature number 204, ASV233
2025-03-04 12:28:57.524499 INFO::Fitting model to feature number 205, ASV235
2025-03-04 12:28:57.52625 INFO::Fitting model to feature number 206, ASV236
2025-03-04 12:28:57.534932 INFO::Fitting model to feature number 207, ASV237
2025-03-04 12:28:57.536698 INFO::Fitting model to feature number 208, ASV238
2025-03-04 12:28:57.538901 INFO::Fitting model to feature number 209, ASV239
2025-03-04 12:28:57.540601 INFO::Fitting model to feature number 210, ASV240
2025-03-04 12:28:57.542345 INFO::Fitting model to feature number 211, ASV241
2025-03-04 12:28:57.587839 INFO::Fitting model to feature number 212, ASV242
2025-03-04 12:28:57.592946 INFO::Fitting model to feature number 213, ASV243
2025-03-04 12:28:57.597937 INFO::Fitting model to feature number 214, ASV244
2025-03-04 12:28:57.602579 INFO::Fitting model to feature number 215, ASV245
2025-03-04 12:28:57.607605 INFO::Fitting model to feature number 216, ASV246
2025-03-04 12:28:57.612599 INFO::Fitting model to feature number 217, ASV247
2025-03-04 12:28:57.616617 INFO::Fitting model to feature number 218, ASV248
2025-03-04 12:28:57.620485 INFO::Fitting model to feature number 219, ASV249
2025-03-04 12:28:57.624353 INFO::Fitting model to feature number 220, ASV250
2025-03-04 12:28:57.628081 INFO::Fitting model to feature number 221, ASV251
2025-03-04 12:28:57.756342 INFO::Fitting model to feature number 222, ASV252
2025-03-04 12:28:57.759766 INFO::Fitting model to feature number 223, ASV253
2025-03-04 12:28:57.76237 INFO::Fitting model to feature number 224, ASV254
2025-03-04 12:28:57.765276 INFO::Fitting model to feature number 225, ASV256
2025-03-04 12:28:57.767687 INFO::Fitting model to feature number 226, ASV257
2025-03-04 12:28:57.769963 INFO::Fitting model to feature number 227, ASV258
2025-03-04 12:28:57.772132 INFO::Fitting model to feature number 228, ASV259
2025-03-04 12:28:57.774345 INFO::Fitting model to feature number 229, ASV260
2025-03-04 12:28:57.776523 INFO::Fitting model to feature number 230, ASV261
2025-03-04 12:28:57.778713 INFO::Fitting model to feature number 231, ASV262
2025-03-04 12:28:57.780876 INFO::Fitting model to feature number 232, ASV263
2025-03-04 12:28:57.78352 INFO::Fitting model to feature number 233, ASV264
2025-03-04 12:28:57.785714 INFO::Fitting model to feature number 234, ASV265
2025-03-04 12:28:57.78783 INFO::Fitting model to feature number 235, ASV267
2025-03-04 12:28:57.789847 INFO::Fitting model to feature number 236, ASV268
2025-03-04 12:28:57.79187 INFO::Fitting model to feature number 237, ASV272
2025-03-04 12:28:57.793978 INFO::Fitting model to feature number 238, ASV273
2025-03-04 12:28:57.796077 INFO::Fitting model to feature number 239, ASV275
2025-03-04 12:28:57.798209 INFO::Fitting model to feature number 240, ASV276
2025-03-04 12:28:57.800695 INFO::Fitting model to feature number 241, ASV277
2025-03-04 12:28:57.802821 INFO::Fitting model to feature number 242, ASV278
2025-03-04 12:28:57.804985 INFO::Fitting model to feature number 243, ASV279
2025-03-04 12:28:57.807154 INFO::Fitting model to feature number 244, ASV280
2025-03-04 12:28:57.809377 INFO::Fitting model to feature number 245, ASV281
2025-03-04 12:28:57.811584 INFO::Fitting model to feature number 246, ASV282
2025-03-04 12:28:57.813646 INFO::Fitting model to feature number 247, ASV283
2025-03-04 12:28:57.815705 INFO::Fitting model to feature number 248, ASV284
2025-03-04 12:28:57.818186 INFO::Fitting model to feature number 249, ASV286
2025-03-04 12:28:57.820242 INFO::Fitting model to feature number 250, ASV287
2025-03-04 12:28:57.822288 INFO::Fitting model to feature number 251, ASV288
2025-03-04 12:28:57.824291 INFO::Fitting model to feature number 252, ASV290
2025-03-04 12:28:57.826348 INFO::Fitting model to feature number 253, ASV291
2025-03-04 12:28:57.828364 INFO::Fitting model to feature number 254, ASV292
2025-03-04 12:28:57.830454 INFO::Fitting model to feature number 255, ASV293
2025-03-04 12:28:57.832416 INFO::Fitting model to feature number 256, ASV294
2025-03-04 12:28:57.834852 INFO::Fitting model to feature number 257, ASV296
2025-03-04 12:28:57.836922 INFO::Fitting model to feature number 258, ASV297
2025-03-04 12:28:57.838956 INFO::Fitting model to feature number 259, ASV298
2025-03-04 12:28:57.840981 INFO::Fitting model to feature number 260, ASV299
2025-03-04 12:28:57.842962 INFO::Fitting model to feature number 261, ASV301
2025-03-04 12:28:57.844956 INFO::Fitting model to feature number 262, ASV302
2025-03-04 12:28:57.846855 INFO::Fitting model to feature number 263, ASV303
2025-03-04 12:28:57.848752 INFO::Fitting model to feature number 264, ASV305
2025-03-04 12:28:57.851031 INFO::Fitting model to feature number 265, ASV306
2025-03-04 12:28:57.85293 INFO::Fitting model to feature number 266, ASV307
2025-03-04 12:28:57.854856 INFO::Fitting model to feature number 267, ASV308
2025-03-04 12:28:57.856764 INFO::Fitting model to feature number 268, ASV309
2025-03-04 12:28:57.858701 INFO::Fitting model to feature number 269, ASV310
2025-03-04 12:28:57.860634 INFO::Fitting model to feature number 270, ASV311
2025-03-04 12:28:57.86268 INFO::Fitting model to feature number 271, ASV312
2025-03-04 12:28:57.864674 INFO::Fitting model to feature number 272, ASV314
2025-03-04 12:28:57.867161 INFO::Fitting model to feature number 273, ASV315
2025-03-04 12:28:57.955818 INFO::Fitting model to feature number 274, ASV316
2025-03-04 12:28:57.960156 INFO::Fitting model to feature number 275, ASV317
2025-03-04 12:28:57.962594 INFO::Fitting model to feature number 276, ASV318
2025-03-04 12:28:57.964981 INFO::Fitting model to feature number 277, ASV319
2025-03-04 12:28:57.967625 INFO::Fitting model to feature number 278, ASV320
2025-03-04 12:28:57.970071 INFO::Fitting model to feature number 279, ASV322
2025-03-04 12:28:57.97237 INFO::Fitting model to feature number 280, ASV324
2025-03-04 12:28:57.975179 INFO::Fitting model to feature number 281, ASV326
2025-03-04 12:28:57.977438 INFO::Fitting model to feature number 282, ASV327
2025-03-04 12:28:57.979554 INFO::Fitting model to feature number 283, ASV328
2025-03-04 12:28:57.981618 INFO::Fitting model to feature number 284, ASV330
2025-03-04 12:28:57.983715 INFO::Fitting model to feature number 285, ASV332
2025-03-04 12:28:57.98578 INFO::Fitting model to feature number 286, ASV333
2025-03-04 12:28:57.987878 INFO::Fitting model to feature number 287, ASV334
2025-03-04 12:28:57.990116 INFO::Fitting model to feature number 288, ASV335
2025-03-04 12:28:57.99261 INFO::Fitting model to feature number 289, ASV336
2025-03-04 12:28:57.994693 INFO::Fitting model to feature number 290, ASV337
2025-03-04 12:28:57.996817 INFO::Fitting model to feature number 291, ASV338
2025-03-04 12:28:57.998954 INFO::Fitting model to feature number 292, ASV341
2025-03-04 12:28:58.001051 INFO::Fitting model to feature number 293, ASV342
2025-03-04 12:28:58.003303 INFO::Fitting model to feature number 294, ASV344
2025-03-04 12:28:58.006177 INFO::Fitting model to feature number 295, ASV346
2025-03-04 12:28:58.009143 INFO::Fitting model to feature number 296, ASV347
2025-03-04 12:28:58.012288 INFO::Fitting model to feature number 297, ASV348
2025-03-04 12:28:58.014511 INFO::Fitting model to feature number 298, ASV349
2025-03-04 12:28:58.016476 INFO::Fitting model to feature number 299, ASV350
2025-03-04 12:28:58.018473 INFO::Fitting model to feature number 300, ASV351
2025-03-04 12:28:58.020642 INFO::Fitting model to feature number 301, ASV352
2025-03-04 12:28:58.022771 INFO::Fitting model to feature number 302, ASV353
2025-03-04 12:28:58.024776 INFO::Fitting model to feature number 303, ASV354
2025-03-04 12:28:58.026852 INFO::Fitting model to feature number 304, ASV355
2025-03-04 12:28:58.029195 INFO::Fitting model to feature number 305, ASV356
2025-03-04 12:28:58.031168 INFO::Fitting model to feature number 306, ASV358
2025-03-04 12:28:58.033102 INFO::Fitting model to feature number 307, ASV359
2025-03-04 12:28:58.035033 INFO::Fitting model to feature number 308, ASV360
2025-03-04 12:28:58.037148 INFO::Fitting model to feature number 309, ASV361
2025-03-04 12:28:58.039161 INFO::Fitting model to feature number 310, ASV362
2025-03-04 12:28:58.041068 INFO::Fitting model to feature number 311, ASV363
2025-03-04 12:28:58.042975 INFO::Fitting model to feature number 312, ASV365
2025-03-04 12:28:58.045195 INFO::Fitting model to feature number 313, ASV366
2025-03-04 12:28:58.047045 INFO::Fitting model to feature number 314, ASV367
2025-03-04 12:28:58.048915 INFO::Fitting model to feature number 315, ASV368
2025-03-04 12:28:58.050774 INFO::Fitting model to feature number 316, ASV369
2025-03-04 12:28:58.052616 INFO::Fitting model to feature number 317, ASV371
2025-03-04 12:28:58.054489 INFO::Fitting model to feature number 318, ASV372
2025-03-04 12:28:58.056496 INFO::Fitting model to feature number 319, ASV373
2025-03-04 12:28:58.058837 INFO::Fitting model to feature number 320, ASV376
2025-03-04 12:28:58.061836 INFO::Fitting model to feature number 321, ASV377
2025-03-04 12:28:58.064039 INFO::Fitting model to feature number 322, ASV378
2025-03-04 12:28:58.066391 INFO::Fitting model to feature number 323, ASV380
2025-03-04 12:28:58.068631 INFO::Fitting model to feature number 324, ASV382
2025-03-04 12:28:58.070603 INFO::Fitting model to feature number 325, ASV384
2025-03-04 12:28:58.072705 INFO::Fitting model to feature number 326, ASV385
2025-03-04 12:28:58.074893 INFO::Fitting model to feature number 327, ASV386
2025-03-04 12:28:58.077054 INFO::Fitting model to feature number 328, ASV387
2025-03-04 12:28:58.079833 INFO::Fitting model to feature number 329, ASV388
2025-03-04 12:28:58.082129 INFO::Fitting model to feature number 330, ASV389
2025-03-04 12:28:58.084324 INFO::Fitting model to feature number 331, ASV390
2025-03-04 12:28:58.086514 INFO::Fitting model to feature number 332, ASV391
2025-03-04 12:28:58.088745 INFO::Fitting model to feature number 333, ASV393
2025-03-04 12:28:58.090824 INFO::Fitting model to feature number 334, ASV394
2025-03-04 12:28:58.092854 INFO::Fitting model to feature number 335, ASV395
2025-03-04 12:28:58.094755 INFO::Fitting model to feature number 336, ASV396
2025-03-04 12:28:58.097048 INFO::Fitting model to feature number 337, ASV397
2025-03-04 12:28:58.09883 INFO::Fitting model to feature number 338, ASV398
2025-03-04 12:28:58.100541 INFO::Fitting model to feature number 339, ASV400
2025-03-04 12:28:58.102321 INFO::Fitting model to feature number 340, ASV402
2025-03-04 12:28:58.104063 INFO::Fitting model to feature number 341, ASV403
2025-03-04 12:28:58.199626 INFO::Fitting model to feature number 342, ASV404
2025-03-04 12:28:58.203484 INFO::Fitting model to feature number 343, ASV405
2025-03-04 12:28:58.206233 INFO::Fitting model to feature number 344, ASV406
2025-03-04 12:28:58.209098 INFO::Fitting model to feature number 345, ASV407
2025-03-04 12:28:58.211273 INFO::Fitting model to feature number 346, ASV409
2025-03-04 12:28:58.213343 INFO::Fitting model to feature number 347, ASV410
2025-03-04 12:28:58.21548 INFO::Fitting model to feature number 348, ASV411
2025-03-04 12:28:58.217565 INFO::Fitting model to feature number 349, ASV412
2025-03-04 12:28:58.219561 INFO::Fitting model to feature number 350, ASV414
2025-03-04 12:28:58.221568 INFO::Fitting model to feature number 351, ASV417
2025-03-04 12:28:58.223521 INFO::Fitting model to feature number 352, ASV419
2025-03-04 12:28:58.225893 INFO::Fitting model to feature number 353, ASV420
2025-03-04 12:28:58.227756 INFO::Fitting model to feature number 354, ASV421
2025-03-04 12:28:58.229608 INFO::Fitting model to feature number 355, ASV422
2025-03-04 12:28:58.231489 INFO::Fitting model to feature number 356, ASV423
2025-03-04 12:28:58.233369 INFO::Fitting model to feature number 357, ASV424
2025-03-04 12:28:58.23526 INFO::Fitting model to feature number 358, ASV425
2025-03-04 12:28:58.237171 INFO::Fitting model to feature number 359, ASV429
2025-03-04 12:28:58.239121 INFO::Fitting model to feature number 360, ASV430
2025-03-04 12:28:58.241455 INFO::Fitting model to feature number 361, ASV432
2025-03-04 12:28:58.243355 INFO::Fitting model to feature number 362, ASV433
2025-03-04 12:28:58.245251 INFO::Fitting model to feature number 363, ASV434
2025-03-04 12:28:58.247095 INFO::Fitting model to feature number 364, ASV435
2025-03-04 12:28:58.248995 INFO::Fitting model to feature number 365, ASV436
2025-03-04 12:28:58.25094 INFO::Fitting model to feature number 366, ASV438
2025-03-04 12:28:58.25284 INFO::Fitting model to feature number 367, ASV439
2025-03-04 12:28:58.254727 INFO::Fitting model to feature number 368, ASV440
2025-03-04 12:28:58.256946 INFO::Fitting model to feature number 369, ASV441
2025-03-04 12:28:58.258764 INFO::Fitting model to feature number 370, ASV443
2025-03-04 12:28:58.260599 INFO::Fitting model to feature number 371, ASV444
2025-03-04 12:28:58.262443 INFO::Fitting model to feature number 372, ASV445
2025-03-04 12:28:58.264325 INFO::Fitting model to feature number 373, ASV446
2025-03-04 12:28:58.266206 INFO::Fitting model to feature number 374, ASV448
2025-03-04 12:28:58.268025 INFO::Fitting model to feature number 375, ASV449
2025-03-04 12:28:58.269948 INFO::Fitting model to feature number 376, ASV450
2025-03-04 12:28:58.272272 INFO::Fitting model to feature number 377, ASV451
2025-03-04 12:28:58.274181 INFO::Fitting model to feature number 378, ASV452
2025-03-04 12:28:58.276023 INFO::Fitting model to feature number 379, ASV453
2025-03-04 12:28:58.277835 INFO::Fitting model to feature number 380, ASV455
2025-03-04 12:28:58.279609 INFO::Fitting model to feature number 381, ASV456
2025-03-04 12:28:58.281415 INFO::Fitting model to feature number 382, ASV458
2025-03-04 12:28:58.283375 INFO::Fitting model to feature number 383, ASV459
2025-03-04 12:28:58.285185 INFO::Fitting model to feature number 384, ASV460
2025-03-04 12:28:58.287373 INFO::Fitting model to feature number 385, ASV461
2025-03-04 12:28:58.289321 INFO::Fitting model to feature number 386, ASV462
2025-03-04 12:28:58.291222 INFO::Fitting model to feature number 387, ASV463
2025-03-04 12:28:58.293117 INFO::Fitting model to feature number 388, ASV464
2025-03-04 12:28:58.295138 INFO::Fitting model to feature number 389, ASV465
2025-03-04 12:28:58.297008 INFO::Fitting model to feature number 390, ASV466
2025-03-04 12:28:58.298819 INFO::Fitting model to feature number 391, ASV467
2025-03-04 12:28:58.300839 INFO::Fitting model to feature number 392, ASV473
2025-03-04 12:28:58.303029 INFO::Fitting model to feature number 393, ASV475
2025-03-04 12:28:58.304853 INFO::Fitting model to feature number 394, ASV476
2025-03-04 12:28:58.306768 INFO::Fitting model to feature number 395, ASV478
2025-03-04 12:28:58.308577 INFO::Fitting model to feature number 396, ASV479
2025-03-04 12:28:58.310357 INFO::Fitting model to feature number 397, ASV480
2025-03-04 12:28:58.312165 INFO::Fitting model to feature number 398, ASV484
2025-03-04 12:28:58.313996 INFO::Fitting model to feature number 399, ASV485
2025-03-04 12:28:58.315889 INFO::Fitting model to feature number 400, ASV486
2025-03-04 12:28:58.318152 INFO::Fitting model to feature number 401, ASV487
2025-03-04 12:28:58.320052 INFO::Fitting model to feature number 402, ASV489
2025-03-04 12:28:58.322057 INFO::Fitting model to feature number 403, ASV490
2025-03-04 12:28:58.323904 INFO::Fitting model to feature number 404, ASV491
2025-03-04 12:28:58.325734 INFO::Fitting model to feature number 405, ASV492
2025-03-04 12:28:58.327524 INFO::Fitting model to feature number 406, ASV495
2025-03-04 12:28:58.329329 INFO::Fitting model to feature number 407, ASV496
2025-03-04 12:28:58.331132 INFO::Fitting model to feature number 408, ASV498
2025-03-04 12:28:58.333327 INFO::Fitting model to feature number 409, ASV500
2025-03-04 12:28:58.335093 INFO::Fitting model to feature number 410, ASV501
2025-03-04 12:28:58.336888 INFO::Fitting model to feature number 411, ASV502
2025-03-04 12:28:58.338907 INFO::Fitting model to feature number 412, ASV503
2025-03-04 12:28:58.340768 INFO::Fitting model to feature number 413, ASV504
2025-03-04 12:28:58.342585 INFO::Fitting model to feature number 414, ASV505
2025-03-04 12:28:58.344793 INFO::Fitting model to feature number 415, ASV507
2025-03-04 12:28:58.346842 INFO::Fitting model to feature number 416, ASV508
2025-03-04 12:28:58.348986 INFO::Fitting model to feature number 417, ASV511
2025-03-04 12:28:58.443651 INFO::Fitting model to feature number 418, ASV513
2025-03-04 12:28:58.446645 INFO::Fitting model to feature number 419, ASV515
2025-03-04 12:28:58.44871 INFO::Fitting model to feature number 420, ASV518
2025-03-04 12:28:58.450915 INFO::Fitting model to feature number 421, ASV519
2025-03-04 12:28:58.452979 INFO::Fitting model to feature number 422, ASV521
2025-03-04 12:28:58.454911 INFO::Fitting model to feature number 423, ASV522
2025-03-04 12:28:58.456916 INFO::Fitting model to feature number 424, ASV525
2025-03-04 12:28:58.45929 INFO::Fitting model to feature number 425, ASV526
2025-03-04 12:28:58.461064 INFO::Fitting model to feature number 426, ASV527
2025-03-04 12:28:58.462896 INFO::Fitting model to feature number 427, ASV528
2025-03-04 12:28:58.464722 INFO::Fitting model to feature number 428, ASV529
2025-03-04 12:28:58.466629 INFO::Fitting model to feature number 429, ASV531
2025-03-04 12:28:58.468479 INFO::Fitting model to feature number 430, ASV532
2025-03-04 12:28:58.470381 INFO::Fitting model to feature number 431, ASV534
2025-03-04 12:28:58.472442 INFO::Fitting model to feature number 432, ASV535
2025-03-04 12:28:58.474919 INFO::Fitting model to feature number 433, ASV543
2025-03-04 12:28:58.476837 INFO::Fitting model to feature number 434, ASV544
2025-03-04 12:28:58.478735 INFO::Fitting model to feature number 435, ASV545
2025-03-04 12:28:58.480895 INFO::Fitting model to feature number 436, ASV546
2025-03-04 12:28:58.483334 INFO::Fitting model to feature number 437, ASV547
2025-03-04 12:28:58.485558 INFO::Fitting model to feature number 438, ASV548
2025-03-04 12:28:58.487604 INFO::Fitting model to feature number 439, ASV549
2025-03-04 12:28:58.489576 INFO::Fitting model to feature number 440, ASV550
2025-03-04 12:28:58.491839 INFO::Fitting model to feature number 441, ASV551
2025-03-04 12:28:58.493752 INFO::Fitting model to feature number 442, ASV552
2025-03-04 12:28:58.495683 INFO::Fitting model to feature number 443, ASV553
2025-03-04 12:28:58.497731 INFO::Fitting model to feature number 444, ASV554
2025-03-04 12:28:58.499622 INFO::Fitting model to feature number 445, ASV556
2025-03-04 12:28:58.501464 INFO::Fitting model to feature number 446, ASV559
2025-03-04 12:28:58.503331 INFO::Fitting model to feature number 447, ASV560
2025-03-04 12:28:58.505155 INFO::Fitting model to feature number 448, ASV561
2025-03-04 12:28:58.50747 INFO::Fitting model to feature number 449, ASV563
2025-03-04 12:28:58.509332 INFO::Fitting model to feature number 450, ASV564
2025-03-04 12:28:58.511177 INFO::Fitting model to feature number 451, ASV565
2025-03-04 12:28:58.513389 INFO::Fitting model to feature number 452, ASV569
2025-03-04 12:28:58.515262 INFO::Fitting model to feature number 453, ASV570
2025-03-04 12:28:58.517087 INFO::Fitting model to feature number 454, ASV572
2025-03-04 12:28:58.518932 INFO::Fitting model to feature number 455, ASV573
2025-03-04 12:28:58.520809 INFO::Fitting model to feature number 456, ASV574
2025-03-04 12:28:58.523057 INFO::Fitting model to feature number 457, ASV575
2025-03-04 12:28:58.524898 INFO::Fitting model to feature number 458, ASV577
2025-03-04 12:28:58.526685 INFO::Fitting model to feature number 459, ASV578
2025-03-04 12:28:58.528471 INFO::Fitting model to feature number 460, ASV579
2025-03-04 12:28:58.530272 INFO::Fitting model to feature number 461, ASV580
2025-03-04 12:28:58.532099 INFO::Fitting model to feature number 462, ASV581
2025-03-04 12:28:58.533856 INFO::Fitting model to feature number 463, ASV582
2025-03-04 12:28:58.535661 INFO::Fitting model to feature number 464, ASV583
2025-03-04 12:28:58.537856 INFO::Fitting model to feature number 465, ASV584
2025-03-04 12:28:58.539665 INFO::Fitting model to feature number 466, ASV585
2025-03-04 12:28:58.541445 INFO::Fitting model to feature number 467, ASV586
2025-03-04 12:28:58.543335 INFO::Fitting model to feature number 468, ASV589
2025-03-04 12:28:58.545163 INFO::Fitting model to feature number 469, ASV590
2025-03-04 12:28:58.547008 INFO::Fitting model to feature number 470, ASV592
2025-03-04 12:28:58.548805 INFO::Fitting model to feature number 471, ASV595
2025-03-04 12:28:58.550639 INFO::Fitting model to feature number 472, ASV596
2025-03-04 12:28:58.552859 INFO::Fitting model to feature number 473, ASV599
2025-03-04 12:28:58.554606 INFO::Fitting model to feature number 474, ASV600
2025-03-04 12:28:58.556413 INFO::Fitting model to feature number 475, ASV602
2025-03-04 12:28:58.558181 INFO::Fitting model to feature number 476, ASV603
2025-03-04 12:28:58.559924 INFO::Fitting model to feature number 477, ASV607
2025-03-04 12:28:58.561688 INFO::Fitting model to feature number 478, ASV608
2025-03-04 12:28:58.563447 INFO::Fitting model to feature number 479, ASV609
2025-03-04 12:28:58.56532 INFO::Fitting model to feature number 480, ASV612
2025-03-04 12:28:58.567532 INFO::Fitting model to feature number 481, ASV614
2025-03-04 12:28:58.569288 INFO::Fitting model to feature number 482, ASV615
2025-03-04 12:28:58.571065 INFO::Fitting model to feature number 483, ASV616
2025-03-04 12:28:58.57287 INFO::Fitting model to feature number 484, ASV617
2025-03-04 12:28:58.574625 INFO::Fitting model to feature number 485, ASV618
2025-03-04 12:28:58.576386 INFO::Fitting model to feature number 486, ASV619
2025-03-04 12:28:58.578131 INFO::Fitting model to feature number 487, ASV620
2025-03-04 12:28:58.579893 INFO::Fitting model to feature number 488, ASV622
2025-03-04 12:28:58.582038 INFO::Fitting model to feature number 489, ASV626
2025-03-04 12:28:58.583834 INFO::Fitting model to feature number 490, ASV627
2025-03-04 12:28:58.585682 INFO::Fitting model to feature number 491, ASV628
2025-03-04 12:28:58.587546 INFO::Fitting model to feature number 492, ASV629
2025-03-04 12:28:58.58944 INFO::Fitting model to feature number 493, ASV630
2025-03-04 12:28:58.676879 INFO::Fitting model to feature number 494, ASV631
2025-03-04 12:28:58.679609 INFO::Fitting model to feature number 495, ASV636
2025-03-04 12:28:58.682195 INFO::Fitting model to feature number 496, ASV637
2025-03-04 12:28:58.685562 INFO::Fitting model to feature number 497, ASV638
2025-03-04 12:28:58.687625 INFO::Fitting model to feature number 498, ASV640
2025-03-04 12:28:58.689654 INFO::Fitting model to feature number 499, ASV641
2025-03-04 12:28:58.691759 INFO::Fitting model to feature number 500, ASV642
2025-03-04 12:28:58.69373 INFO::Fitting model to feature number 501, ASV643
2025-03-04 12:28:58.695653 INFO::Fitting model to feature number 502, ASV644
2025-03-04 12:28:58.69766 INFO::Fitting model to feature number 503, ASV646
2025-03-04 12:28:58.699536 INFO::Fitting model to feature number 504, ASV647
2025-03-04 12:28:58.701786 INFO::Fitting model to feature number 505, ASV649
2025-03-04 12:28:58.703678 INFO::Fitting model to feature number 506, ASV652
2025-03-04 12:28:58.705692 INFO::Fitting model to feature number 507, ASV654
2025-03-04 12:28:58.707664 INFO::Fitting model to feature number 508, ASV657
2025-03-04 12:28:58.709605 INFO::Fitting model to feature number 509, ASV658
2025-03-04 12:28:58.711471 INFO::Fitting model to feature number 510, ASV659
2025-03-04 12:28:58.71333 INFO::Fitting model to feature number 511, ASV660
2025-03-04 12:28:58.715269 INFO::Fitting model to feature number 512, ASV661
2025-03-04 12:28:58.71768 INFO::Fitting model to feature number 513, ASV667
2025-03-04 12:28:58.719644 INFO::Fitting model to feature number 514, ASV669
2025-03-04 12:28:58.7219 INFO::Fitting model to feature number 515, ASV670
2025-03-04 12:28:58.724902 INFO::Fitting model to feature number 516, ASV673
2025-03-04 12:28:58.726737 INFO::Fitting model to feature number 517, ASV674
2025-03-04 12:28:58.728495 INFO::Fitting model to feature number 518, ASV678
2025-03-04 12:28:58.73027 INFO::Fitting model to feature number 519, ASV679
2025-03-04 12:28:58.732035 INFO::Fitting model to feature number 520, ASV680
2025-03-04 12:28:58.734171 INFO::Fitting model to feature number 521, ASV681
2025-03-04 12:28:58.735935 INFO::Fitting model to feature number 522, ASV682
2025-03-04 12:28:58.737851 INFO::Fitting model to feature number 523, ASV686
2025-03-04 12:28:58.739854 INFO::Fitting model to feature number 524, ASV687
2025-03-04 12:28:58.741691 INFO::Fitting model to feature number 525, ASV688
2025-03-04 12:28:58.743474 INFO::Fitting model to feature number 526, ASV689
2025-03-04 12:28:58.745252 INFO::Fitting model to feature number 527, ASV693
2025-03-04 12:28:58.747039 INFO::Fitting model to feature number 528, ASV694
2025-03-04 12:28:58.749195 INFO::Fitting model to feature number 529, ASV695
2025-03-04 12:28:58.750972 INFO::Fitting model to feature number 530, ASV700
2025-03-04 12:28:58.752737 INFO::Fitting model to feature number 531, ASV704
2025-03-04 12:28:58.754652 INFO::Fitting model to feature number 532, ASV705
2025-03-04 12:28:58.756593 INFO::Fitting model to feature number 533, ASV708
2025-03-04 12:28:58.758396 INFO::Fitting model to feature number 534, ASV709
2025-03-04 12:28:58.760176 INFO::Fitting model to feature number 535, ASV712
2025-03-04 12:28:58.761962 INFO::Fitting model to feature number 536, ASV717
2025-03-04 12:28:58.764112 INFO::Fitting model to feature number 537, ASV718
2025-03-04 12:28:58.76589 INFO::Fitting model to feature number 538, ASV719
2025-03-04 12:28:58.767678 INFO::Fitting model to feature number 539, ASV720
2025-03-04 12:28:58.769488 INFO::Fitting model to feature number 540, ASV721
2025-03-04 12:28:58.771415 INFO::Fitting model to feature number 541, ASV725
2025-03-04 12:28:58.773382 INFO::Fitting model to feature number 542, ASV726
2025-03-04 12:28:58.775325 INFO::Fitting model to feature number 543, ASV727
2025-03-04 12:28:58.777397 INFO::Fitting model to feature number 544, ASV730
2025-03-04 12:28:58.780035 INFO::Fitting model to feature number 545, ASV731
2025-03-04 12:28:58.782593 INFO::Fitting model to feature number 546, ASV733
2025-03-04 12:28:58.785537 INFO::Fitting model to feature number 547, ASV736
2025-03-04 12:28:58.788508 INFO::Fitting model to feature number 548, ASV737
2025-03-04 12:28:58.79111 INFO::Fitting model to feature number 549, ASV742
2025-03-04 12:28:58.793685 INFO::Fitting model to feature number 550, ASV749
2025-03-04 12:28:58.795943 INFO::Fitting model to feature number 551, ASV750
2025-03-04 12:28:58.79804 INFO::Fitting model to feature number 552, ASV751
2025-03-04 12:28:58.800426 INFO::Fitting model to feature number 553, ASV754
2025-03-04 12:28:58.802455 INFO::Fitting model to feature number 554, ASV756
2025-03-04 12:28:58.804735 INFO::Fitting model to feature number 555, ASV759
2025-03-04 12:28:58.807076 INFO::Fitting model to feature number 556, ASV760
2025-03-04 12:28:58.809143 INFO::Fitting model to feature number 557, ASV764
2025-03-04 12:28:58.811314 INFO::Fitting model to feature number 558, ASV765
2025-03-04 12:28:58.813863 INFO::Fitting model to feature number 559, ASV767
2025-03-04 12:28:58.815912 INFO::Fitting model to feature number 560, ASV768
2025-03-04 12:28:58.818146 INFO::Fitting model to feature number 561, ASV769
2025-03-04 12:28:58.820039 INFO::Fitting model to feature number 562, ASV773
2025-03-04 12:28:58.821979 INFO::Fitting model to feature number 563, ASV774
2025-03-04 12:28:58.823772 INFO::Fitting model to feature number 564, ASV777
2025-03-04 12:28:58.825581 INFO::Fitting model to feature number 565, ASV779
2025-03-04 12:28:58.827374 INFO::Fitting model to feature number 566, ASV782
2025-03-04 12:28:58.829148 INFO::Fitting model to feature number 567, ASV783
2025-03-04 12:28:58.83092 INFO::Fitting model to feature number 568, ASV784
2025-03-04 12:28:58.833102 INFO::Fitting model to feature number 569, ASV785
2025-03-04 12:28:58.835075 INFO::Fitting model to feature number 570, ASV786
2025-03-04 12:28:58.836882 INFO::Fitting model to feature number 571, ASV787
2025-03-04 12:28:58.838783 INFO::Fitting model to feature number 572, ASV792
2025-03-04 12:28:58.840688 INFO::Fitting model to feature number 573, ASV793
2025-03-04 12:28:58.842463 INFO::Fitting model to feature number 574, ASV795
2025-03-04 12:28:58.84428 INFO::Fitting model to feature number 575, ASV805
2025-03-04 12:28:58.846072 INFO::Fitting model to feature number 576, ASV808
2025-03-04 12:28:58.848254 INFO::Fitting model to feature number 577, ASV809
2025-03-04 12:28:58.850094 INFO::Fitting model to feature number 578, ASV812
2025-03-04 12:28:58.851969 INFO::Fitting model to feature number 579, ASV815
2025-03-04 12:28:58.853861 INFO::Fitting model to feature number 580, ASV819
2025-03-04 12:28:58.855866 INFO::Fitting model to feature number 581, ASV820
2025-03-04 12:28:58.857693 INFO::Fitting model to feature number 582, ASV821
2025-03-04 12:28:58.859487 INFO::Fitting model to feature number 583, ASV822
2025-03-04 12:28:58.861286 INFO::Fitting model to feature number 584, ASV824
2025-03-04 12:28:58.863475 INFO::Fitting model to feature number 585, ASV829
2025-03-04 12:28:58.865245 INFO::Fitting model to feature number 586, ASV832
2025-03-04 12:28:58.867057 INFO::Fitting model to feature number 587, ASV837
2025-03-04 12:28:58.868856 INFO::Fitting model to feature number 588, ASV838
2025-03-04 12:28:58.870603 INFO::Fitting model to feature number 589, ASV840
2025-03-04 12:28:58.872445 INFO::Fitting model to feature number 590, ASV841
2025-03-04 12:28:58.96189 INFO::Fitting model to feature number 591, ASV842
2025-03-04 12:28:58.964051 INFO::Fitting model to feature number 592, ASV848
2025-03-04 12:28:58.966516 INFO::Fitting model to feature number 593, ASV850
2025-03-04 12:28:58.968414 INFO::Fitting model to feature number 594, ASV851
2025-03-04 12:28:58.970265 INFO::Fitting model to feature number 595, ASV853
2025-03-04 12:28:58.972132 INFO::Fitting model to feature number 596, ASV861
2025-03-04 12:28:58.973979 INFO::Fitting model to feature number 597, ASV862
2025-03-04 12:28:58.975817 INFO::Fitting model to feature number 598, ASV863
2025-03-04 12:28:58.977674 INFO::Fitting model to feature number 599, ASV865
2025-03-04 12:28:58.979549 INFO::Fitting model to feature number 600, ASV866
2025-03-04 12:28:58.981817 INFO::Fitting model to feature number 601, ASV867
2025-03-04 12:28:58.98363 INFO::Fitting model to feature number 602, ASV876
2025-03-04 12:28:58.985428 INFO::Fitting model to feature number 603, ASV878
2025-03-04 12:28:58.987236 INFO::Fitting model to feature number 604, ASV879
2025-03-04 12:28:58.9891 INFO::Fitting model to feature number 605, ASV880
2025-03-04 12:28:58.9909 INFO::Fitting model to feature number 606, ASV883
2025-03-04 12:28:58.992694 INFO::Fitting model to feature number 607, ASV888
2025-03-04 12:28:58.994492 INFO::Fitting model to feature number 608, ASV893
2025-03-04 12:28:58.996755 INFO::Fitting model to feature number 609, ASV894
2025-03-04 12:28:58.999034 INFO::Fitting model to feature number 610, ASV895
2025-03-04 12:28:59.001427 INFO::Fitting model to feature number 611, ASV896
2025-03-04 12:28:59.003789 INFO::Fitting model to feature number 612, ASV901
2025-03-04 12:28:59.006176 INFO::Fitting model to feature number 613, ASV902
2025-03-04 12:28:59.008525 INFO::Fitting model to feature number 614, ASV903
2025-03-04 12:28:59.01088 INFO::Fitting model to feature number 615, ASV904
2025-03-04 12:28:59.013226 INFO::Fitting model to feature number 616, ASV906
2025-03-04 12:28:59.016001 INFO::Fitting model to feature number 617, ASV920
2025-03-04 12:28:59.017833 INFO::Fitting model to feature number 618, ASV921
2025-03-04 12:28:59.019608 INFO::Fitting model to feature number 619, ASV935
2025-03-04 12:28:59.021389 INFO::Fitting model to feature number 620, ASV937
2025-03-04 12:28:59.023403 INFO::Fitting model to feature number 621, ASV939
2025-03-04 12:28:59.025187 INFO::Fitting model to feature number 622, ASV940
2025-03-04 12:28:59.026943 INFO::Fitting model to feature number 623, ASV941
2025-03-04 12:28:59.028708 INFO::Fitting model to feature number 624, ASV948
2025-03-04 12:28:59.030881 INFO::Fitting model to feature number 625, ASV949
2025-03-04 12:28:59.032652 INFO::Fitting model to feature number 626, ASV950
2025-03-04 12:28:59.034435 INFO::Fitting model to feature number 627, ASV951
2025-03-04 12:28:59.036255 INFO::Fitting model to feature number 628, ASV953
2025-03-04 12:28:59.038064 INFO::Fitting model to feature number 629, ASV954
2025-03-04 12:28:59.039853 INFO::Fitting model to feature number 630, ASV955
2025-03-04 12:28:59.041612 INFO::Fitting model to feature number 631, ASV957
2025-03-04 12:28:59.043382 INFO::Fitting model to feature number 632, ASV958
2025-03-04 12:28:59.045529 INFO::Fitting model to feature number 633, ASV959
2025-03-04 12:28:59.047396 INFO::Fitting model to feature number 634, ASV969
2025-03-04 12:28:59.049215 INFO::Fitting model to feature number 635, ASV971
2025-03-04 12:28:59.050997 INFO::Fitting model to feature number 636, ASV974
2025-03-04 12:28:59.052784 INFO::Fitting model to feature number 637, ASV976
2025-03-04 12:28:59.054597 INFO::Fitting model to feature number 638, ASV977
2025-03-04 12:28:59.056394 INFO::Fitting model to feature number 639, ASV980
2025-03-04 12:28:59.058251 INFO::Fitting model to feature number 640, ASV982
2025-03-04 12:28:59.060477 INFO::Fitting model to feature number 641, ASV984
2025-03-04 12:28:59.062266 INFO::Fitting model to feature number 642, ASV988
2025-03-04 12:28:59.064066 INFO::Fitting model to feature number 643, ASV996
2025-03-04 12:28:59.065873 INFO::Fitting model to feature number 644, ASV998
2025-03-04 12:28:59.067641 INFO::Fitting model to feature number 645, ASV999
2025-03-04 12:28:59.069422 INFO::Fitting model to feature number 646, ASV1002
2025-03-04 12:28:59.071203 INFO::Fitting model to feature number 647, ASV1005
2025-03-04 12:28:59.073004 INFO::Fitting model to feature number 648, ASV1006
2025-03-04 12:28:59.075185 INFO::Fitting model to feature number 649, ASV1007
2025-03-04 12:28:59.076972 INFO::Fitting model to feature number 650, ASV1017
2025-03-04 12:28:59.078753 INFO::Fitting model to feature number 651, ASV1019
2025-03-04 12:28:59.080553 INFO::Fitting model to feature number 652, ASV1027
2025-03-04 12:28:59.082376 INFO::Fitting model to feature number 653, ASV1034
2025-03-04 12:28:59.084157 INFO::Fitting model to feature number 654, ASV1037
2025-03-04 12:28:59.085885 INFO::Fitting model to feature number 655, ASV1038
2025-03-04 12:28:59.08761 INFO::Fitting model to feature number 656, ASV1039
2025-03-04 12:28:59.089679 INFO::Fitting model to feature number 657, ASV1040
2025-03-04 12:28:59.091373 INFO::Fitting model to feature number 658, ASV1043
2025-03-04 12:28:59.093081 INFO::Fitting model to feature number 659, ASV1045
2025-03-04 12:28:59.094799 INFO::Fitting model to feature number 660, ASV1049
2025-03-04 12:28:59.096518 INFO::Fitting model to feature number 661, ASV1050
2025-03-04 12:28:59.098248 INFO::Fitting model to feature number 662, ASV1051
2025-03-04 12:28:59.100057 INFO::Fitting model to feature number 663, ASV1052
2025-03-04 12:28:59.10184 INFO::Fitting model to feature number 664, ASV1053
2025-03-04 12:28:59.10401 INFO::Fitting model to feature number 665, ASV1057
2025-03-04 12:28:59.105766 INFO::Fitting model to feature number 666, ASV1062
2025-03-04 12:28:59.107518 INFO::Fitting model to feature number 667, ASV1067
2025-03-04 12:28:59.10927 INFO::Fitting model to feature number 668, ASV1069
2025-03-04 12:28:59.203447 INFO::Fitting model to feature number 669, ASV1076
2025-03-04 12:28:59.205775 INFO::Fitting model to feature number 670, ASV1080
2025-03-04 12:28:59.20778 INFO::Fitting model to feature number 671, ASV1081
2025-03-04 12:28:59.209796 INFO::Fitting model to feature number 672, ASV1083
2025-03-04 12:28:59.212202 INFO::Fitting model to feature number 673, ASV1085
2025-03-04 12:28:59.248205 INFO::Fitting model to feature number 674, ASV1095
2025-03-04 12:28:59.25441 INFO::Fitting model to feature number 675, ASV1106
2025-03-04 12:28:59.259761 INFO::Fitting model to feature number 676, ASV1108
2025-03-04 12:28:59.264655 INFO::Fitting model to feature number 677, ASV1110
2025-03-04 12:28:59.270027 INFO::Fitting model to feature number 678, ASV1112
2025-03-04 12:28:59.274793 INFO::Fitting model to feature number 679, ASV1116
2025-03-04 12:28:59.279013 INFO::Fitting model to feature number 680, ASV1131
2025-03-04 12:28:59.283585 INFO::Fitting model to feature number 681, ASV1133
2025-03-04 12:28:59.287436 INFO::Fitting model to feature number 682, ASV1135
2025-03-04 12:28:59.291322 INFO::Fitting model to feature number 683, ASV1137
2025-03-04 12:28:59.295067 INFO::Fitting model to feature number 684, ASV1142
2025-03-04 12:28:59.297899 INFO::Fitting model to feature number 685, ASV1168
2025-03-04 12:28:59.299915 INFO::Fitting model to feature number 686, ASV1170
2025-03-04 12:28:59.301981 INFO::Fitting model to feature number 687, ASV1175
2025-03-04 12:28:59.304029 INFO::Fitting model to feature number 688, ASV1176
2025-03-04 12:28:59.306513 INFO::Fitting model to feature number 689, ASV1193
2025-03-04 12:28:59.308471 INFO::Fitting model to feature number 690, ASV1198
2025-03-04 12:28:59.311185 INFO::Fitting model to feature number 691, ASV1200
2025-03-04 12:28:59.314159 INFO::Fitting model to feature number 692, ASV1202
2025-03-04 12:28:59.316731 INFO::Fitting model to feature number 693, ASV1204
2025-03-04 12:28:59.320105 INFO::Fitting model to feature number 694, ASV1206
2025-03-04 12:28:59.322948 INFO::Fitting model to feature number 695, ASV1208
2025-03-04 12:28:59.325532 INFO::Fitting model to feature number 696, ASV1211
2025-03-04 12:28:59.328357 INFO::Fitting model to feature number 697, ASV1212
2025-03-04 12:28:59.330811 INFO::Fitting model to feature number 698, ASV1228
2025-03-04 12:28:59.333061 INFO::Fitting model to feature number 699, ASV1239
2025-03-04 12:28:59.335488 INFO::Fitting model to feature number 700, ASV1244
2025-03-04 12:28:59.338333 INFO::Fitting model to feature number 701, ASV1247
2025-03-04 12:28:59.340783 INFO::Fitting model to feature number 702, ASV1265
2025-03-04 12:28:59.342981 INFO::Fitting model to feature number 703, ASV1274
2025-03-04 12:28:59.345368 INFO::Fitting model to feature number 704, ASV1276
2025-03-04 12:28:59.348246 INFO::Fitting model to feature number 705, ASV1279
2025-03-04 12:28:59.437599 INFO::Fitting model to feature number 706, ASV1280
2025-03-04 12:28:59.441553 INFO::Fitting model to feature number 707, ASV1301
2025-03-04 12:28:59.444242 INFO::Fitting model to feature number 708, ASV1308
2025-03-04 12:28:59.446645 INFO::Fitting model to feature number 709, ASV1309
2025-03-04 12:28:59.449037 INFO::Fitting model to feature number 710, ASV1324
2025-03-04 12:28:59.451501 INFO::Fitting model to feature number 711, ASV1349
2025-03-04 12:28:59.453719 INFO::Fitting model to feature number 712, ASV1370
2025-03-04 12:28:59.456686 INFO::Fitting model to feature number 713, ASV1388
2025-03-04 12:28:59.45877 INFO::Fitting model to feature number 714, ASV1415
2025-03-04 12:28:59.46086 INFO::Fitting model to feature number 715, ASV1416
2025-03-04 12:28:59.521231 INFO::Counting total values for each feature
2025-03-04 12:28:59.543141 INFO::Writing filtered data to file Maaslin2-filtering/features/filtered_data.tsv
2025-03-04 12:28:59.548455 INFO::Writing filtered, normalized data to file Maaslin2-filtering/features/filtered_data_norm.tsv
2025-03-04 12:28:59.555508 INFO::Writing filtered, normalized, transformed data to file Maaslin2-filtering/features/filtered_data_norm_transformed.tsv
2025-03-04 12:28:59.564172 WARNING::Deleting existing residuals file: Maaslin2-filtering/fits/residuals.rds
2025-03-04 12:28:59.565277 INFO::Writing residuals to file Maaslin2-filtering/fits/residuals.rds
2025-03-04 12:28:59.567812 WARNING::Deleting existing fitted file: Maaslin2-filtering/fits/fitted.rds
2025-03-04 12:28:59.568719 INFO::Writing fitted values to file Maaslin2-filtering/fits/fitted.rds
2025-03-04 12:28:59.570401 INFO::Writing all results to file (ordered by increasing q-values): Maaslin2-filtering/all_results.tsv
2025-03-04 12:28:59.574158 INFO::Writing the significant results (those which are less than or equal to the threshold of 0.250000 ) to file (ordered by increasing q-values): Maaslin2-filtering/significant_results.tsv
2025-03-04 12:28:59.577442 INFO::Writing heatmap of significant results to file: Maaslin2-filtering/heatmap.pdf
2025-03-04 12:28:59.5826 INFO::Writing association plots (one for each significant association) to output folder: Maaslin2-filtering
2025-03-04 12:28:59.591411 INFO::Plotting associations from most to least significant, grouped by metadata
2025-03-04 12:28:59.592263 INFO::Plotting data for metadata number 1, Filtered
2025-03-04 12:28:59.614263 INFO::Creating boxplot for categorical data, Filtered vs ASV29
2025-03-04 12:28:59.801942 INFO::Creating boxplot for categorical data, Filtered vs ASV245
2025-03-04 12:28:59.980991 INFO::Creating boxplot for categorical data, Filtered vs ASV262
2025-03-04 12:29:00.076561 INFO::Creating boxplot for categorical data, Filtered vs ASV3
2025-03-04 12:29:00.25615 INFO::Creating boxplot for categorical data, Filtered vs ASV47
2025-03-04 12:29:00.428888 INFO::Creating boxplot for categorical data, Filtered vs ASV78
2025-03-04 12:29:00.583534 INFO::Creating boxplot for categorical data, Filtered vs ASV85
2025-03-04 12:29:00.767945 INFO::Creating boxplot for categorical data, Filtered vs ASV87
2025-03-04 12:29:00.960616 INFO::Creating boxplot for categorical data, Filtered vs ASV194
2025-03-04 12:29:01.058946 INFO::Creating boxplot for categorical data, Filtered vs ASV307
2025-03-04 12:29:01.239295 INFO::Creating boxplot for categorical data, Filtered vs ASV98
2025-03-04 12:29:01.330707 INFO::Creating boxplot for categorical data, Filtered vs ASV64
2025-03-04 12:29:01.504587 INFO::Creating boxplot for categorical data, Filtered vs ASV46
2025-03-04 12:29:01.590321 INFO::Creating boxplot for categorical data, Filtered vs ASV52
2025-03-04 12:29:01.827467 INFO::Creating boxplot for categorical data, Filtered vs ASV101
2025-03-04 12:29:02.01388 INFO::Creating boxplot for categorical data, Filtered vs ASV119
2025-03-04 12:29:02.205461 INFO::Creating boxplot for categorical data, Filtered vs ASV183
2025-03-04 12:29:02.303005 INFO::Creating boxplot for categorical data, Filtered vs ASV184
2025-03-04 12:29:02.481414 INFO::Creating boxplot for categorical data, Filtered vs ASV193
2025-03-04 12:29:02.572962 INFO::Creating boxplot for categorical data, Filtered vs ASV239
2025-03-04 12:29:02.746289 INFO::Creating boxplot for categorical data, Filtered vs ASV79
2025-03-04 12:29:02.980594 INFO::Creating boxplot for categorical data, Filtered vs ASV242
2025-03-04 12:29:03.079605 INFO::Creating boxplot for categorical data, Filtered vs ASV70
2025-03-04 12:29:03.272893 INFO::Creating boxplot for categorical data, Filtered vs ASV106
2025-03-04 12:29:03.363456 INFO::Creating boxplot for categorical data, Filtered vs ASV249
2025-03-04 12:29:03.549361 INFO::Creating boxplot for categorical data, Filtered vs ASV378
2025-03-04 12:29:03.725154 INFO::Creating boxplot for categorical data, Filtered vs ASV382
2025-03-04 12:29:03.814499 INFO::Creating boxplot for categorical data, Filtered vs ASV464
2025-03-04 12:29:04.044768 INFO::Creating boxplot for categorical data, Filtered vs ASV86
2025-03-04 12:29:04.236253 INFO::Creating boxplot for categorical data, Filtered vs ASV113
2025-03-04 12:29:04.338272 INFO::Creating boxplot for categorical data, Filtered vs ASV111
2025-03-04 12:29:04.526091 INFO::Creating boxplot for categorical data, Filtered vs ASV217
2025-03-04 12:29:04.618482 INFO::Creating boxplot for categorical data, Filtered vs ASV147
2025-03-04 12:29:04.798536 INFO::Creating boxplot for categorical data, Filtered vs ASV303
2025-03-04 12:29:04.975525 INFO::Creating boxplot for categorical data, Filtered vs ASV398
2025-03-04 12:29:05.065136 INFO::Creating boxplot for categorical data, Filtered vs ASV62
2025-03-04 12:29:05.299936 INFO::Creating boxplot for categorical data, Filtered vs ASV157
2025-03-04 12:29:05.48015 INFO::Creating boxplot for categorical data, Filtered vs ASV366
2025-03-04 12:29:05.594567 INFO::Creating boxplot for categorical data, Filtered vs ASV25
2025-03-04 12:29:05.779412 INFO::Creating boxplot for categorical data, Filtered vs ASV107
2025-03-04 12:29:05.959699 INFO::Creating boxplot for categorical data, Filtered vs ASV254
2025-03-04 12:29:06.050776 INFO::Creating boxplot for categorical data, Filtered vs ASV15
2025-03-04 12:29:06.224754 INFO::Creating boxplot for categorical data, Filtered vs ASV231
2025-03-04 12:29:06.459514 INFO::Creating boxplot for categorical data, Filtered vs ASV324
2025-03-04 12:29:06.556736 INFO::Creating boxplot for categorical data, Filtered vs ASV387
2025-03-04 12:29:06.751257 INFO::Creating boxplot for categorical data, Filtered vs ASV421
2025-03-04 12:29:06.844201 INFO::Creating boxplot for categorical data, Filtered vs ASV466
2025-03-04 12:29:07.021498 INFO::Creating boxplot for categorical data, Filtered vs ASV532
2025-03-04 12:29:07.198173 INFO::Creating boxplot for categorical data, Filtered vs ASV643
2025-03-04 12:29:07.287645 INFO::Creating boxplot for categorical data, Filtered vs ASV308
2025-03-04 12:29:07.510111 INFO::Creating boxplot for categorical data, Filtered vs ASV459
2025-03-04 12:29:07.609263 INFO::Creating boxplot for categorical data, Filtered vs ASV16
2025-03-04 12:29:07.807255 INFO::Creating boxplot for categorical data, Filtered vs ASV352
2025-03-04 12:29:07.989366 INFO::Creating boxplot for categorical data, Filtered vs ASV531
2025-03-04 12:29:08.084805 INFO::Creating boxplot for categorical data, Filtered vs ASV341
2025-03-04 12:29:08.264071 INFO::Creating boxplot for categorical data, Filtered vs ASV432
2025-03-04 12:29:08.356556 INFO::Creating boxplot for categorical data, Filtered vs ASV218
2025-03-04 12:29:08.527694 INFO::Creating boxplot for categorical data, Filtered vs ASV424
2025-03-04 12:29:08.764246 INFO::Creating boxplot for categorical data, Filtered vs ASV90
2025-03-04 12:29:08.947199 INFO::Creating boxplot for categorical data, Filtered vs ASV259
2025-03-04 12:29:09.052329 INFO::Creating boxplot for categorical data, Filtered vs ASV267
2025-03-04 12:29:09.232612 INFO::Creating boxplot for categorical data, Filtered vs ASV66
2025-03-04 12:29:09.330506 INFO::Creating boxplot for categorical data, Filtered vs ASV82
2025-03-04 12:29:09.510389 INFO::Creating boxplot for categorical data, Filtered vs ASV117
2025-03-04 12:29:09.597953 INFO::Creating boxplot for categorical data, Filtered vs ASV73
2025-03-04 12:29:09.839088 INFO::Creating boxplot for categorical data, Filtered vs ASV154
2025-03-04 12:29:10.03648 INFO::Creating boxplot for categorical data, Filtered vs ASV188
2025-03-04 12:29:10.134059 INFO::Creating boxplot for categorical data, Filtered vs ASV291
2025-03-04 12:29:10.315259 INFO::Creating boxplot for categorical data, Filtered vs ASV458
2025-03-04 12:29:10.497133 INFO::Creating boxplot for categorical data, Filtered vs ASV450
2025-03-04 12:29:10.590189 INFO::Creating boxplot for categorical data, Filtered vs ASV196
2025-03-04 12:29:10.770722 INFO::Creating boxplot for categorical data, Filtered vs ASV37
2025-03-04 12:29:11.002893 INFO::Creating boxplot for categorical data, Filtered vs ASV9
2025-03-04 12:29:11.100852 INFO::Creating boxplot for categorical data, Filtered vs ASV20
2025-03-04 12:29:11.300301 INFO::Creating boxplot for categorical data, Filtered vs ASV36
2025-03-04 12:29:11.481116 INFO::Creating boxplot for categorical data, Filtered vs ASV49
2025-03-04 12:29:11.579396 INFO::Creating boxplot for categorical data, Filtered vs ASV56
2025-03-04 12:29:11.757631 INFO::Creating boxplot for categorical data, Filtered vs ASV59
2025-03-04 12:29:11.846188 INFO::Creating boxplot for categorical data, Filtered vs ASV74
2025-03-04 12:29:12.136329 INFO::Creating boxplot for categorical data, Filtered vs ASV88
2025-03-04 12:29:12.242883 INFO::Creating boxplot for categorical data, Filtered vs ASV89
2025-03-04 12:29:12.327172 INFO::Creating boxplot for categorical data, Filtered vs ASV91
2025-03-04 12:29:12.517799 INFO::Creating boxplot for categorical data, Filtered vs ASV102
2025-03-04 12:29:12.613182 INFO::Creating boxplot for categorical data, Filtered vs ASV103
2025-03-04 12:29:12.821129 INFO::Creating boxplot for categorical data, Filtered vs ASV110
2025-03-04 12:29:12.999123 INFO::Creating boxplot for categorical data, Filtered vs ASV123
2025-03-04 12:29:13.094355 INFO::Creating boxplot for categorical data, Filtered vs ASV125
2025-03-04 12:29:13.331648 INFO::Creating boxplot for categorical data, Filtered vs ASV128
2025-03-04 12:29:13.514168 INFO::Creating boxplot for categorical data, Filtered vs ASV149
2025-03-04 12:29:13.616579 INFO::Creating boxplot for categorical data, Filtered vs ASV151
2025-03-04 12:29:13.813089 INFO::Creating boxplot for categorical data, Filtered vs ASV153
2025-03-04 12:29:13.995987 INFO::Creating boxplot for categorical data, Filtered vs ASV166
2025-03-04 12:29:14.089639 INFO::Creating boxplot for categorical data, Filtered vs ASV176
2025-03-04 12:29:14.268881 INFO::Creating boxplot for categorical data, Filtered vs ASV181
2025-03-04 12:29:14.503739 INFO::Creating boxplot for categorical data, Filtered vs ASV182
2025-03-04 12:29:14.605902 INFO::Creating boxplot for categorical data, Filtered vs ASV198
2025-03-04 12:29:14.792518 INFO::Creating boxplot for categorical data, Filtered vs ASV206
2025-03-04 12:29:14.984693 INFO::Creating boxplot for categorical data, Filtered vs ASV208
2025-03-04 12:29:15.077167 INFO::Creating boxplot for categorical data, Filtered vs ASV224
2025-03-04 12:29:15.258578 INFO::Creating boxplot for categorical data, Filtered vs ASV237
2025-03-04 12:29:15.34855 INFO::Creating boxplot for categorical data, Filtered vs ASV246
2025-03-04 12:29:15.522285 INFO::Creating boxplot for categorical data, Filtered vs ASV258
2025-03-04 12:29:15.779596 INFO::Creating boxplot for categorical data, Filtered vs ASV260
2025-03-04 12:29:15.963649 INFO::Creating boxplot for categorical data, Filtered vs ASV277
2025-03-04 12:29:16.068266 INFO::Creating boxplot for categorical data, Filtered vs ASV299
2025-03-04 12:29:16.254755 INFO::Creating boxplot for categorical data, Filtered vs ASV301
2025-03-04 12:29:16.350347 INFO::Creating boxplot for categorical data, Filtered vs ASV312
2025-03-04 12:29:16.529275 INFO::Creating boxplot for categorical data, Filtered vs ASV322
2025-03-04 12:29:16.705834 INFO::Creating boxplot for categorical data, Filtered vs ASV334
2025-03-04 12:29:16.858236 INFO::Creating boxplot for categorical data, Filtered vs ASV350
2025-03-04 12:29:17.044507 INFO::Creating boxplot for categorical data, Filtered vs ASV354
2025-03-04 12:29:17.230047 INFO::Creating boxplot for categorical data, Filtered vs ASV362
2025-03-04 12:29:17.335448 INFO::Creating boxplot for categorical data, Filtered vs ASV365
2025-03-04 12:29:17.550656 INFO::Creating boxplot for categorical data, Filtered vs ASV377
2025-03-04 12:29:17.646049 INFO::Creating boxplot for categorical data, Filtered vs ASV384
2025-03-04 12:29:17.828339 INFO::Creating boxplot for categorical data, Filtered vs ASV391
2025-03-04 12:29:18.042411 INFO::Creating boxplot for categorical data, Filtered vs ASV394
2025-03-04 12:29:18.246651 INFO::Creating boxplot for categorical data, Filtered vs ASV396
2025-03-04 12:29:18.345254 INFO::Creating boxplot for categorical data, Filtered vs ASV397
2025-03-04 12:29:18.539138 INFO::Creating boxplot for categorical data, Filtered vs ASV436
2025-03-04 12:29:18.630177 INFO::Creating boxplot for categorical data, Filtered vs ASV445
2025-03-04 12:29:18.815715 INFO::Creating boxplot for categorical data, Filtered vs ASV448
2025-03-04 12:29:19.004995 INFO::Creating boxplot for categorical data, Filtered vs ASV463
2025-03-04 12:29:19.099209 INFO::Creating boxplot for categorical data, Filtered vs ASV479
2025-03-04 12:29:19.343883 INFO::Creating boxplot for categorical data, Filtered vs ASV491
2025-03-04 12:29:19.529953 INFO::Creating boxplot for categorical data, Filtered vs ASV528
2025-03-04 12:29:19.628744 INFO::Creating boxplot for categorical data, Filtered vs ASV553
2025-03-04 12:29:19.840594 INFO::Creating boxplot for categorical data, Filtered vs ASV563
2025-03-04 12:29:20.023059 INFO::Creating boxplot for categorical data, Filtered vs ASV608
2025-03-04 12:29:20.198742 INFO::Creating boxplot for categorical data, Filtered vs ASV612
2025-03-04 12:29:20.290828 INFO::Creating boxplot for categorical data, Filtered vs ASV642
2025-03-04 12:29:20.525106 INFO::Creating boxplot for categorical data, Filtered vs ASV644
2025-03-04 12:29:20.622957 INFO::Creating boxplot for categorical data, Filtered vs ASV646
2025-03-04 12:29:20.811942 INFO::Creating boxplot for categorical data, Filtered vs ASV700
2025-03-04 12:29:21.00049 INFO::Creating boxplot for categorical data, Filtered vs ASV709
2025-03-04 12:29:21.092944 INFO::Creating boxplot for categorical data, Filtered vs ASV737
2025-03-04 12:29:21.2784 INFO::Creating boxplot for categorical data, Filtered vs ASV829
2025-03-04 12:29:21.369323 INFO::Creating boxplot for categorical data, Filtered vs ASV969
2025-03-04 12:29:21.544291 INFO::Creating boxplot for categorical data, Filtered vs ASV1050
2025-03-04 12:29:21.797427 INFO::Creating boxplot for categorical data, Filtered vs ASV84
2025-03-04 12:29:21.980149 INFO::Creating boxplot for categorical data, Filtered vs ASV446
2025-03-04 12:29:22.086337 INFO::Creating boxplot for categorical data, Filtered vs ASV31
2025-03-04 12:29:22.269614 INFO::Creating boxplot for categorical data, Filtered vs ASV50
2025-03-04 12:29:22.366074 INFO::Creating boxplot for categorical data, Filtered vs ASV116
2025-03-04 12:29:22.544733 INFO::Creating boxplot for categorical data, Filtered vs ASV131
2025-03-04 12:29:22.717576 INFO::Creating boxplot for categorical data, Filtered vs ASV257
2025-03-04 12:29:22.870152 INFO::Creating boxplot for categorical data, Filtered vs ASV278
2025-03-04 12:29:23.054104 INFO::Creating boxplot for categorical data, Filtered vs ASV607
2025-03-04 12:29:23.245255 INFO::Creating boxplot for categorical data, Filtered vs ASV809
2025-03-04 12:29:23.345134 INFO::Creating boxplot for categorical data, Filtered vs ASV559
2025-03-04 12:29:23.525927 INFO::Creating boxplot for categorical data, Filtered vs ASV30
2025-03-04 12:29:23.619509 INFO::Creating boxplot for categorical data, Filtered vs ASV83
2025-03-04 12:29:23.796575 INFO::Creating boxplot for categorical data, Filtered vs ASV126
2025-03-04 12:29:24.058791 INFO::Creating boxplot for categorical data, Filtered vs ASV173
2025-03-04 12:29:24.245543 INFO::Creating boxplot for categorical data, Filtered vs ASV174
2025-03-04 12:29:24.347636 INFO::Creating boxplot for categorical data, Filtered vs ASV187
2025-03-04 12:29:24.539706 INFO::Creating boxplot for categorical data, Filtered vs ASV205
2025-03-04 12:29:24.630442 INFO::Creating boxplot for categorical data, Filtered vs ASV235
2025-03-04 12:29:24.815692 INFO::Creating boxplot for categorical data, Filtered vs ASV310
2025-03-04 12:29:24.991345 INFO::Creating boxplot for categorical data, Filtered vs ASV406
2025-03-04 12:29:25.124373 INFO::Creating boxplot for categorical data, Filtered vs ASV508
2025-03-04 12:29:25.329256 INFO::Creating boxplot for categorical data, Filtered vs ASV160
2025-03-04 12:29:25.521107 INFO::Creating boxplot for categorical data, Filtered vs ASV96
2025-03-04 12:29:25.622198 INFO::Creating boxplot for categorical data, Filtered vs ASV393
2025-03-04 12:29:25.808069 INFO::Creating boxplot for categorical data, Filtered vs ASV679
2025-03-04 12:29:25.901254 INFO::Creating boxplot for categorical data, Filtered vs ASV168
2025-03-04 12:29:26.081563 INFO::Creating boxplot for categorical data, Filtered vs ASV60
2025-03-04 12:29:26.262309 INFO::Creating boxplot for categorical data, Filtered vs ASV135
2025-03-04 12:29:26.506739 INFO::Creating boxplot for categorical data, Filtered vs ASV726
2025-03-04 12:29:26.602988 INFO::Creating boxplot for categorical data, Filtered vs ASV600
2025-03-04 12:29:26.795135 INFO::Creating boxplot for categorical data, Filtered vs ASV32
2025-03-04 12:29:26.889484 INFO::Creating boxplot for categorical data, Filtered vs ASV44
2025-03-04 12:29:27.073905 INFO::Creating boxplot for categorical data, Filtered vs ASV315
2025-03-04 12:29:27.253617 INFO::Creating boxplot for categorical data, Filtered vs ASV782
2025-03-04 12:29:27.345258 INFO::Creating boxplot for categorical data, Filtered vs ASV45
2025-03-04 12:29:27.584447 INFO::Creating boxplot for categorical data, Filtered vs ASV372
2025-03-04 12:29:27.765419 INFO::Creating boxplot for categorical data, Filtered vs ASV694
2025-03-04 12:29:27.870008 INFO::Creating boxplot for categorical data, Filtered vs ASV71
2025-03-04 12:29:28.055808 INFO::Creating boxplot for categorical data, Filtered vs ASV72
2025-03-04 12:29:28.235876 INFO::Creating boxplot for categorical data, Filtered vs ASV134
2025-03-04 12:29:28.331808 INFO::Creating boxplot for categorical data, Filtered vs ASV263
2025-03-04 12:29:28.51601 INFO::Creating boxplot for categorical data, Filtered vs ASV38
2025-03-04 12:29:28.758465 INFO::Creating boxplot for categorical data, Filtered vs ASV55
2025-03-04 12:29:28.860639 INFO::Creating boxplot for categorical data, Filtered vs ASV764
2025-03-04 12:29:29.06762 INFO::Creating boxplot for categorical data, Filtered vs ASV122
2025-03-04 12:29:29.257853 INFO::Creating boxplot for categorical data, Filtered vs ASV53
2025-03-04 12:29:29.351551 INFO::Creating boxplot for categorical data, Filtered vs ASV54
2025-03-04 12:29:29.538383 INFO::Creating boxplot for categorical data, Filtered vs ASV92
2025-03-04 12:29:29.628202 INFO::Creating boxplot for categorical data, Filtered vs ASV105
2025-03-04 12:29:29.864998 INFO::Creating boxplot for categorical data, Filtered vs ASV108
2025-03-04 12:29:30.063713 INFO::Creating boxplot for categorical data, Filtered vs ASV133
2025-03-04 12:29:30.159539 INFO::Creating boxplot for categorical data, Filtered vs ASV141
2025-03-04 12:29:30.351175 INFO::Creating boxplot for categorical data, Filtered vs ASV144
2025-03-04 12:29:30.531273 INFO::Creating boxplot for categorical data, Filtered vs ASV164
2025-03-04 12:29:30.627513 INFO::Creating boxplot for categorical data, Filtered vs ASV225
2025-03-04 12:29:30.805302 INFO::Creating boxplot for categorical data, Filtered vs ASV243
2025-03-04 12:29:30.980205 INFO::Creating boxplot for categorical data, Filtered vs ASV247
2025-03-04 12:29:31.133676 INFO::Creating boxplot for categorical data, Filtered vs ASV275
2025-03-04 12:29:31.329852 INFO::Creating boxplot for categorical data, Filtered vs ASV279
2025-03-04 12:29:31.522039 INFO::Creating boxplot for categorical data, Filtered vs ASV296
2025-03-04 12:29:31.618145 INFO::Creating boxplot for categorical data, Filtered vs ASV297
2025-03-04 12:29:31.800786 INFO::Creating boxplot for categorical data, Filtered vs ASV305
2025-03-04 12:29:31.979421 INFO::Creating boxplot for categorical data, Filtered vs ASV306
2025-03-04 12:29:32.070861 INFO::Creating boxplot for categorical data, Filtered vs ASV314
2025-03-04 12:29:32.313338 INFO::Creating boxplot for categorical data, Filtered vs ASV320
2025-03-04 12:29:32.404374 INFO::Creating boxplot for categorical data, Filtered vs ASV333
2025-03-04 12:29:32.597479 INFO::Creating boxplot for categorical data, Filtered vs ASV347
2025-03-04 12:29:32.783394 INFO::Creating boxplot for categorical data, Filtered vs ASV368
2025-03-04 12:29:32.87749 INFO::Creating boxplot for categorical data, Filtered vs ASV371
2025-03-04 12:29:33.056461 INFO::Creating boxplot for categorical data, Filtered vs ASV376
2025-03-04 12:29:33.144612 INFO::Creating boxplot for categorical data, Filtered vs ASV385
2025-03-04 12:29:33.38711 INFO::Creating boxplot for categorical data, Filtered vs ASV386
2025-03-04 12:29:33.575997 INFO::Creating boxplot for categorical data, Filtered vs ASV390
2025-03-04 12:29:33.773819 INFO::Creating boxplot for categorical data, Filtered vs ASV395
2025-03-04 12:29:33.869641 INFO::Creating boxplot for categorical data, Filtered vs ASV402
2025-03-04 12:29:34.053366 INFO::Creating boxplot for categorical data, Filtered vs ASV407
2025-03-04 12:29:34.147453 INFO::Creating boxplot for categorical data, Filtered vs ASV435
2025-03-04 12:29:34.349327 INFO::Creating boxplot for categorical data, Filtered vs ASV455
2025-03-04 12:29:34.587341 INFO::Creating boxplot for categorical data, Filtered vs ASV473
2025-03-04 12:29:34.78476 INFO::Creating boxplot for categorical data, Filtered vs ASV475
2025-03-04 12:29:34.888217 INFO::Creating boxplot for categorical data, Filtered vs ASV478
2025-03-04 12:29:35.073421 INFO::Creating boxplot for categorical data, Filtered vs ASV489
2025-03-04 12:29:35.252538 INFO::Creating boxplot for categorical data, Filtered vs ASV490
2025-03-04 12:29:35.348725 INFO::Creating boxplot for categorical data, Filtered vs ASV495
2025-03-04 12:29:35.535678 INFO::Creating boxplot for categorical data, Filtered vs ASV498
2025-03-04 12:29:35.77295 INFO::Creating boxplot for categorical data, Filtered vs ASV502
2025-03-04 12:29:35.870389 INFO::Creating boxplot for categorical data, Filtered vs ASV503
2025-03-04 12:29:36.059402 INFO::Creating boxplot for categorical data, Filtered vs ASV505
2025-03-04 12:29:36.246768 INFO::Creating boxplot for categorical data, Filtered vs ASV507
2025-03-04 12:29:36.344805 INFO::Creating boxplot for categorical data, Filtered vs ASV513
2025-03-04 12:29:36.532916 INFO::Creating boxplot for categorical data, Filtered vs ASV519
2025-03-04 12:29:36.62218 INFO::Creating boxplot for categorical data, Filtered vs ASV526
2025-03-04 12:29:37.785245 INFO::Creating boxplot for categorical data, Filtered vs ASV543
2025-03-04 12:29:37.853944 INFO::Creating boxplot for categorical data, Filtered vs ASV544
2025-03-04 12:29:38.031828 INFO::Creating boxplot for categorical data, Filtered vs ASV554
2025-03-04 12:29:38.120202 INFO::Creating boxplot for categorical data, Filtered vs ASV564
2025-03-04 12:29:38.293414 INFO::Creating boxplot for categorical data, Filtered vs ASV603
2025-03-04 12:29:38.379962 INFO::Creating boxplot for categorical data, Filtered vs ASV626
2025-03-04 12:29:38.554991 INFO::Creating boxplot for categorical data, Filtered vs ASV636
2025-03-04 12:29:38.730461 INFO::Creating boxplot for categorical data, Filtered vs ASV640
2025-03-04 12:29:38.846623 INFO::Creating boxplot for categorical data, Filtered vs ASV641
2025-03-04 12:29:39.02038 INFO::Creating boxplot for categorical data, Filtered vs ASV681
2025-03-04 12:29:39.10571 INFO::Creating boxplot for categorical data, Filtered vs ASV682
2025-03-04 12:29:39.280557 INFO::Creating boxplot for categorical data, Filtered vs ASV725
2025-03-04 12:29:39.368464 INFO::Creating boxplot for categorical data, Filtered vs ASV730
2025-03-04 12:29:39.540192 INFO::Creating boxplot for categorical data, Filtered vs ASV742
2025-03-04 12:29:39.631497 INFO::Creating boxplot for categorical data, Filtered vs ASV751
2025-03-04 12:29:39.824143 INFO::Creating boxplot for categorical data, Filtered vs ASV754
2025-03-04 12:29:40.024365 INFO::Creating boxplot for categorical data, Filtered vs ASV759
2025-03-04 12:29:40.108544 INFO::Creating boxplot for categorical data, Filtered vs ASV808
2025-03-04 12:29:40.27879 INFO::Creating boxplot for categorical data, Filtered vs ASV820
2025-03-04 12:29:40.367047 INFO::Creating boxplot for categorical data, Filtered vs ASV837
2025-03-04 12:29:40.543859 INFO::Creating boxplot for categorical data, Filtered vs ASV878
2025-03-04 12:29:40.629014 INFO::Creating boxplot for categorical data, Filtered vs ASV902
2025-03-04 12:29:40.806316 INFO::Creating boxplot for categorical data, Filtered vs ASV971
2025-03-04 12:29:40.896599 INFO::Creating boxplot for categorical data, Filtered vs ASV996
2025-03-04 12:29:41.098382 INFO::Creating boxplot for categorical data, Filtered vs ASV1043
2025-03-04 12:29:41.269454 INFO::Creating boxplot for categorical data, Filtered vs ASV1168
2025-03-04 12:29:41.359685 INFO::Creating boxplot for categorical data, Filtered vs ASV1170
2025-03-04 12:29:41.532784 INFO::Creating boxplot for categorical data, Filtered vs ASV693
2025-03-04 12:29:41.617483 INFO::Creating boxplot for categorical data, Filtered vs ASV649
2025-03-04 12:29:41.78989 INFO::Creating boxplot for categorical data, Filtered vs ASV124
2025-03-04 12:29:41.878861 INFO::Creating boxplot for categorical data, Filtered vs ASV280
2025-03-04 12:29:42.062675 INFO::Creating boxplot for categorical data, Filtered vs ASV417
2025-03-04 12:29:42.255296 INFO::Creating boxplot for categorical data, Filtered vs ASV433
2025-03-04 12:29:42.343857 INFO::Creating boxplot for categorical data, Filtered vs ASV518
2025-03-04 12:29:42.514954 INFO::Creating boxplot for categorical data, Filtered vs ASV765
2025-03-04 12:29:42.601214 INFO::Creating boxplot for categorical data, Filtered vs ASV1067
2025-03-04 12:29:42.771119 INFO::Creating boxplot for categorical data, Filtered vs ASV282
2025-03-04 12:29:42.856082 INFO::Creating boxplot for categorical data, Filtered vs ASV404
2025-03-04 12:29:43.031008 INFO::Creating boxplot for categorical data, Filtered vs ASV43
2025-03-04 12:29:43.12144 INFO::Creating boxplot for categorical data, Filtered vs ASV99
2025-03-04 12:29:43.317712 INFO::Creating boxplot for categorical data, Filtered vs ASV326
2025-03-04 12:29:43.489766 INFO::Creating boxplot for categorical data, Filtered vs ASV356
2025-03-04 12:29:43.580441 INFO::Creating boxplot for categorical data, Filtered vs ASV363
2025-03-04 12:29:43.749394 INFO::Creating boxplot for categorical data, Filtered vs ASV861
2025-03-04 12:29:43.838855 INFO::Creating boxplot for categorical data, Filtered vs ASV787
2025-03-04 12:29:44.010573 INFO::Creating boxplot for categorical data, Filtered vs ASV346
2025-03-04 12:29:44.101912 INFO::Creating boxplot for categorical data, Filtered vs ASV337
2025-03-04 12:29:44.27869 INFO::Creating boxplot for categorical data, Filtered vs ASV130
2025-03-04 12:29:44.486605 INFO::Creating boxplot for categorical data, Filtered vs ASV180
2025-03-04 12:29:44.577775 INFO::Creating boxplot for categorical data, Filtered vs ASV286
2025-03-04 12:29:44.74891 INFO::Creating boxplot for categorical data, Filtered vs ASV311
2025-03-04 12:29:44.835713 INFO::Creating boxplot for categorical data, Filtered vs ASV317
2025-03-04 12:29:45.007622 INFO::Creating boxplot for categorical data, Filtered vs ASV439
2025-03-04 12:29:45.098828 INFO::Creating boxplot for categorical data, Filtered vs ASV476
2025-03-04 12:29:45.27754 INFO::Creating boxplot for categorical data, Filtered vs ASV546
2025-03-04 12:29:45.369663 INFO::Creating boxplot for categorical data, Filtered vs ASV586
2025-03-04 12:29:45.567576 INFO::Creating boxplot for categorical data, Filtered vs ASV779
2025-03-04 12:29:45.651426 INFO::Creating boxplot for categorical data, Filtered vs ASV784
2025-03-04 12:29:45.826274 INFO::Creating boxplot for categorical data, Filtered vs ASV795
2025-03-04 12:29:45.995631 INFO::Creating boxplot for categorical data, Filtered vs ASV5
2025-03-04 12:29:46.084289 INFO::Creating boxplot for categorical data, Filtered vs ASV7
2025-03-04 12:29:46.256414 INFO::Creating boxplot for categorical data, Filtered vs ASV14
2025-03-04 12:29:46.348142 INFO::Creating boxplot for categorical data, Filtered vs ASV18
2025-03-04 12:29:46.522456 INFO::Creating boxplot for categorical data, Filtered vs ASV48
2025-03-04 12:29:46.63122 INFO::Creating boxplot for categorical data, Filtered vs ASV58
2025-03-04 12:29:46.803153 INFO::Creating boxplot for categorical data, Filtered vs ASV63
2025-03-04 12:29:46.889819 INFO::Creating boxplot for categorical data, Filtered vs ASV65
2025-03-04 12:29:47.062109 INFO::Creating boxplot for categorical data, Filtered vs ASV69
2025-03-04 12:29:47.146731 INFO::Creating boxplot for categorical data, Filtered vs ASV94
2025-03-04 12:29:47.320849 INFO::Creating boxplot for categorical data, Filtered vs ASV97
2025-03-04 12:29:47.411335 INFO::Creating boxplot for categorical data, Filtered vs ASV112
2025-03-04 12:29:47.612974 INFO::Creating boxplot for categorical data, Filtered vs ASV118
2025-03-04 12:29:47.790346 INFO::Creating boxplot for categorical data, Filtered vs ASV120
2025-03-04 12:29:47.876251 INFO::Creating boxplot for categorical data, Filtered vs ASV121
2025-03-04 12:29:48.050564 INFO::Creating boxplot for categorical data, Filtered vs ASV127
2025-03-04 12:29:48.133404 INFO::Creating boxplot for categorical data, Filtered vs ASV129
2025-03-04 12:29:48.304926 INFO::Creating boxplot for categorical data, Filtered vs ASV136
2025-03-04 12:29:48.394863 INFO::Creating boxplot for categorical data, Filtered vs ASV137
2025-03-04 12:29:48.576482 INFO::Creating boxplot for categorical data, Filtered vs ASV138
2025-03-04 12:29:48.780885 INFO::Creating boxplot for categorical data, Filtered vs ASV140
2025-03-04 12:29:48.870053 INFO::Creating boxplot for categorical data, Filtered vs ASV146
2025-03-04 12:29:49.04901 INFO::Creating boxplot for categorical data, Filtered vs ASV152
2025-03-04 12:29:49.136889 INFO::Creating boxplot for categorical data, Filtered vs ASV156
2025-03-04 12:29:49.308287 INFO::Creating boxplot for categorical data, Filtered vs ASV159
2025-03-04 12:29:49.394076 INFO::Creating boxplot for categorical data, Filtered vs ASV161
2025-03-04 12:29:49.57197 INFO::Creating boxplot for categorical data, Filtered vs ASV162
2025-03-04 12:29:49.65946 INFO::Creating boxplot for categorical data, Filtered vs ASV165
2025-03-04 12:29:49.860334 INFO::Creating boxplot for categorical data, Filtered vs ASV169
2025-03-04 12:29:50.034891 INFO::Creating boxplot for categorical data, Filtered vs ASV171
2025-03-04 12:29:50.127687 INFO::Creating boxplot for categorical data, Filtered vs ASV172
2025-03-04 12:29:50.30213 INFO::Creating boxplot for categorical data, Filtered vs ASV177
2025-03-04 12:29:50.477478 INFO::Creating boxplot for categorical data, Filtered vs ASV185
2025-03-04 12:29:50.577164 INFO::Creating boxplot for categorical data, Filtered vs ASV186
2025-03-04 12:29:50.667656 INFO::Creating boxplot for categorical data, Filtered vs ASV189
2025-03-04 12:29:50.848439 INFO::Creating boxplot for categorical data, Filtered vs ASV191
2025-03-04 12:29:51.039683 INFO::Creating boxplot for categorical data, Filtered vs ASV197
2025-03-04 12:29:51.125304 INFO::Creating boxplot for categorical data, Filtered vs ASV199
2025-03-04 12:29:51.303131 INFO::Creating boxplot for categorical data, Filtered vs ASV201
2025-03-04 12:29:51.38784 INFO::Creating boxplot for categorical data, Filtered vs ASV203
2025-03-04 12:29:51.559696 INFO::Creating boxplot for categorical data, Filtered vs ASV209
2025-03-04 12:29:51.644568 INFO::Creating boxplot for categorical data, Filtered vs ASV210
2025-03-04 12:29:51.829019 INFO::Creating boxplot for categorical data, Filtered vs ASV212
2025-03-04 12:29:52.040159 INFO::Creating boxplot for categorical data, Filtered vs ASV215
2025-03-04 12:29:52.129916 INFO::Creating boxplot for categorical data, Filtered vs ASV219
2025-03-04 12:29:52.303996 INFO::Creating boxplot for categorical data, Filtered vs ASV220
2025-03-04 12:29:52.38996 INFO::Creating boxplot for categorical data, Filtered vs ASV228
2025-03-04 12:29:52.562699 INFO::Creating boxplot for categorical data, Filtered vs ASV232
2025-03-04 12:29:52.646738 INFO::Creating boxplot for categorical data, Filtered vs ASV238
2025-03-04 12:29:52.821682 INFO::Creating boxplot for categorical data, Filtered vs ASV240
2025-03-04 12:29:52.911189 INFO::Creating boxplot for categorical data, Filtered vs ASV241
2025-03-04 12:29:53.119372 INFO::Creating boxplot for categorical data, Filtered vs ASV244
2025-03-04 12:29:53.293034 INFO::Creating boxplot for categorical data, Filtered vs ASV250
2025-03-04 12:29:53.392545 INFO::Creating boxplot for categorical data, Filtered vs ASV251
2025-03-04 12:29:53.572665 INFO::Creating boxplot for categorical data, Filtered vs ASV253
2025-03-04 12:29:53.741738 INFO::Creating boxplot for categorical data, Filtered vs ASV256
2025-03-04 12:29:53.830281 INFO::Creating boxplot for categorical data, Filtered vs ASV261
2025-03-04 12:29:53.919394 INFO::Creating boxplot for categorical data, Filtered vs ASV264
2025-03-04 12:29:54.096318 INFO::Creating boxplot for categorical data, Filtered vs ASV265
2025-03-04 12:29:54.301289 INFO::Creating boxplot for categorical data, Filtered vs ASV268
2025-03-04 12:29:54.387025 INFO::Creating boxplot for categorical data, Filtered vs ASV273
2025-03-04 12:29:54.561049 INFO::Creating boxplot for categorical data, Filtered vs ASV281
2025-03-04 12:29:54.645442 INFO::Creating boxplot for categorical data, Filtered vs ASV284
2025-03-04 12:29:54.815784 INFO::Creating boxplot for categorical data, Filtered vs ASV287
2025-03-04 12:29:54.901879 INFO::Creating boxplot for categorical data, Filtered vs ASV290
2025-03-04 12:29:55.082603 INFO::Creating boxplot for categorical data, Filtered vs ASV293
2025-03-04 12:29:55.284901 INFO::Creating boxplot for categorical data, Filtered vs ASV316
2025-03-04 12:29:55.371632 INFO::Creating boxplot for categorical data, Filtered vs ASV318
2025-03-04 12:29:55.542103 INFO::Creating boxplot for categorical data, Filtered vs ASV319
2025-03-04 12:29:55.631411 INFO::Creating boxplot for categorical data, Filtered vs ASV327
2025-03-04 12:29:55.802071 INFO::Creating boxplot for categorical data, Filtered vs ASV330
2025-03-04 12:29:55.88839 INFO::Creating boxplot for categorical data, Filtered vs ASV332
2025-03-04 12:29:56.064348 INFO::Creating boxplot for categorical data, Filtered vs ASV335
2025-03-04 12:29:56.244035 INFO::Creating boxplot for categorical data, Filtered vs ASV338
2025-03-04 12:29:56.362436 INFO::Creating boxplot for categorical data, Filtered vs ASV342
2025-03-04 12:29:56.531569 INFO::Creating boxplot for categorical data, Filtered vs ASV351
2025-03-04 12:29:56.620066 INFO::Creating boxplot for categorical data, Filtered vs ASV353
2025-03-04 12:29:56.794896 INFO::Creating boxplot for categorical data, Filtered vs ASV358
2025-03-04 12:29:56.881306 INFO::Creating boxplot for categorical data, Filtered vs ASV359
2025-03-04 12:29:57.055557 INFO::Creating boxplot for categorical data, Filtered vs ASV360
2025-03-04 12:29:57.145221 INFO::Creating boxplot for categorical data, Filtered vs ASV367
2025-03-04 12:29:57.325758 INFO::Creating boxplot for categorical data, Filtered vs ASV369
2025-03-04 12:29:57.539366 INFO::Creating boxplot for categorical data, Filtered vs ASV380
2025-03-04 12:29:57.626988 INFO::Creating boxplot for categorical data, Filtered vs ASV388
2025-03-04 12:29:57.799409 INFO::Creating boxplot for categorical data, Filtered vs ASV400
2025-03-04 12:29:57.884882 INFO::Creating boxplot for categorical data, Filtered vs ASV403
2025-03-04 12:29:58.060466 INFO::Creating boxplot for categorical data, Filtered vs ASV405
2025-03-04 12:29:58.145641 INFO::Creating boxplot for categorical data, Filtered vs ASV409
2025-03-04 12:29:58.325636 INFO::Creating boxplot for categorical data, Filtered vs ASV411
2025-03-04 12:29:58.5245 INFO::Creating boxplot for categorical data, Filtered vs ASV419
2025-03-04 12:29:58.612572 INFO::Creating boxplot for categorical data, Filtered vs ASV420
2025-03-04 12:29:58.785125 INFO::Creating boxplot for categorical data, Filtered vs ASV422
2025-03-04 12:29:58.873055 INFO::Creating boxplot for categorical data, Filtered vs ASV423
2025-03-04 12:29:59.044695 INFO::Creating boxplot for categorical data, Filtered vs ASV425
2025-03-04 12:29:59.129828 INFO::Creating boxplot for categorical data, Filtered vs ASV429
2025-03-04 12:29:59.313771 INFO::Creating boxplot for categorical data, Filtered vs ASV430
2025-03-04 12:29:59.405489 INFO::Creating boxplot for categorical data, Filtered vs ASV434
2025-03-04 12:29:59.605238 INFO::Creating boxplot for categorical data, Filtered vs ASV444
2025-03-04 12:29:59.779643 INFO::Creating boxplot for categorical data, Filtered vs ASV449
2025-03-04 12:29:59.867315 INFO::Creating boxplot for categorical data, Filtered vs ASV451
2025-03-04 12:30:00.045963 INFO::Creating boxplot for categorical data, Filtered vs ASV452
2025-03-04 12:30:00.131149 INFO::Creating boxplot for categorical data, Filtered vs ASV456
2025-03-04 12:30:00.303621 INFO::Creating boxplot for categorical data, Filtered vs ASV461
2025-03-04 12:30:00.394719 INFO::Creating boxplot for categorical data, Filtered vs ASV480
2025-03-04 12:30:00.574718 INFO::Creating boxplot for categorical data, Filtered vs ASV484
2025-03-04 12:30:00.869523 INFO::Creating boxplot for categorical data, Filtered vs ASV485
2025-03-04 12:30:01.047412 INFO::Creating boxplot for categorical data, Filtered vs ASV486
2025-03-04 12:30:01.134808 INFO::Creating boxplot for categorical data, Filtered vs ASV487
2025-03-04 12:30:01.309747 INFO::Creating boxplot for categorical data, Filtered vs ASV496
2025-03-04 12:30:01.401118 INFO::Creating boxplot for categorical data, Filtered vs ASV501
2025-03-04 12:30:01.578208 INFO::Creating boxplot for categorical data, Filtered vs ASV504
2025-03-04 12:30:01.669255 INFO::Creating boxplot for categorical data, Filtered vs ASV511
2025-03-04 12:30:01.86097 INFO::Creating boxplot for categorical data, Filtered vs ASV515
2025-03-04 12:30:02.079974 INFO::Creating boxplot for categorical data, Filtered vs ASV521
2025-03-04 12:30:02.167961 INFO::Creating boxplot for categorical data, Filtered vs ASV527
2025-03-04 12:30:02.345283 INFO::Creating boxplot for categorical data, Filtered vs ASV529
2025-03-04 12:30:02.521628 INFO::Creating boxplot for categorical data, Filtered vs ASV534
2025-03-04 12:30:02.613674 INFO::Creating boxplot for categorical data, Filtered vs ASV535
2025-03-04 12:30:02.788391 INFO::Creating boxplot for categorical data, Filtered vs ASV545
2025-03-04 12:30:02.877725 INFO::Creating boxplot for categorical data, Filtered vs ASV548
2025-03-04 12:30:03.083151 INFO::Creating boxplot for categorical data, Filtered vs ASV549
2025-03-04 12:30:03.262043 INFO::Creating boxplot for categorical data, Filtered vs ASV551
2025-03-04 12:30:03.352809 INFO::Creating boxplot for categorical data, Filtered vs ASV552
2025-03-04 12:30:03.437194 INFO::Creating boxplot for categorical data, Filtered vs ASV561
2025-03-04 12:30:03.615419 INFO::Creating boxplot for categorical data, Filtered vs ASV565
2025-03-04 12:30:03.792835 INFO::Creating boxplot for categorical data, Filtered vs ASV569
2025-03-04 12:30:03.885071 INFO::Creating boxplot for categorical data, Filtered vs ASV570
2025-03-04 12:30:04.059467 INFO::Creating boxplot for categorical data, Filtered vs ASV572
2025-03-04 12:30:04.26661 INFO::Creating boxplot for categorical data, Filtered vs ASV574
2025-03-04 12:30:04.358577 INFO::Creating boxplot for categorical data, Filtered vs ASV575
2025-03-04 12:30:04.527572 INFO::Creating boxplot for categorical data, Filtered vs ASV577
2025-03-04 12:30:04.61711 INFO::Creating boxplot for categorical data, Filtered vs ASV578
2025-03-04 12:30:04.792515 INFO::Creating boxplot for categorical data, Filtered vs ASV579
2025-03-04 12:30:04.884317 INFO::Creating boxplot for categorical data, Filtered vs ASV580
2025-03-04 12:30:05.061804 INFO::Creating boxplot for categorical data, Filtered vs ASV581
2025-03-04 12:30:05.146895 INFO::Creating boxplot for categorical data, Filtered vs ASV582
2025-03-04 12:30:05.353444 INFO::Creating boxplot for categorical data, Filtered vs ASV583
2025-03-04 12:30:05.528799 INFO::Creating boxplot for categorical data, Filtered vs ASV584
2025-03-04 12:30:05.617462 INFO::Creating boxplot for categorical data, Filtered vs ASV585
2025-03-04 12:30:05.791682 INFO::Creating boxplot for categorical data, Filtered vs ASV589
2025-03-04 12:30:05.880842 INFO::Creating boxplot for categorical data, Filtered vs ASV595
2025-03-04 12:30:06.056553 INFO::Creating boxplot for categorical data, Filtered vs ASV596
2025-03-04 12:30:06.150067 INFO::Creating boxplot for categorical data, Filtered vs ASV602
2025-03-04 12:30:06.335328 INFO::Creating boxplot for categorical data, Filtered vs ASV609
2025-03-04 12:30:06.548011 INFO::Creating boxplot for categorical data, Filtered vs ASV614
2025-03-04 12:30:06.63701 INFO::Creating boxplot for categorical data, Filtered vs ASV615
2025-03-04 12:30:06.821949 INFO::Creating boxplot for categorical data, Filtered vs ASV616
2025-03-04 12:30:06.910321 INFO::Creating boxplot for categorical data, Filtered vs ASV617
2025-03-04 12:30:07.088262 INFO::Creating boxplot for categorical data, Filtered vs ASV618
2025-03-04 12:30:07.268559 INFO::Creating boxplot for categorical data, Filtered vs ASV619
2025-03-04 12:30:07.359214 INFO::Creating boxplot for categorical data, Filtered vs ASV620
2025-03-04 12:30:07.53348 INFO::Creating boxplot for categorical data, Filtered vs ASV627
2025-03-04 12:30:07.659239 INFO::Creating boxplot for categorical data, Filtered vs ASV629
2025-03-04 12:30:07.838271 INFO::Creating boxplot for categorical data, Filtered vs ASV630
2025-03-04 12:30:07.924985 INFO::Creating boxplot for categorical data, Filtered vs ASV637
2025-03-04 12:30:08.100411 INFO::Creating boxplot for categorical data, Filtered vs ASV638
2025-03-04 12:30:08.280071 INFO::Creating boxplot for categorical data, Filtered vs ASV647
2025-03-04 12:30:08.371834 INFO::Creating boxplot for categorical data, Filtered vs ASV652
2025-03-04 12:30:08.544318 INFO::Creating boxplot for categorical data, Filtered vs ASV654
2025-03-04 12:30:08.633211 INFO::Creating boxplot for categorical data, Filtered vs ASV657
2025-03-04 12:30:08.860317 INFO::Creating boxplot for categorical data, Filtered vs ASV659
2025-03-04 12:30:09.034048 INFO::Creating boxplot for categorical data, Filtered vs ASV660
2025-03-04 12:30:09.122143 INFO::Creating boxplot for categorical data, Filtered vs ASV667
2025-03-04 12:30:09.298693 INFO::Creating boxplot for categorical data, Filtered vs ASV673
2025-03-04 12:30:09.388993 INFO::Creating boxplot for categorical data, Filtered vs ASV680
2025-03-04 12:30:09.566558 INFO::Creating boxplot for categorical data, Filtered vs ASV686
2025-03-04 12:30:09.654143 INFO::Creating boxplot for categorical data, Filtered vs ASV687
2025-03-04 12:30:09.863254 INFO::Creating boxplot for categorical data, Filtered vs ASV689
2025-03-04 12:30:10.049174 INFO::Creating boxplot for categorical data, Filtered vs ASV695
2025-03-04 12:30:10.13815 INFO::Creating boxplot for categorical data, Filtered vs ASV704
2025-03-04 12:30:10.322936 INFO::Creating boxplot for categorical data, Filtered vs ASV705
2025-03-04 12:30:10.502486 INFO::Creating boxplot for categorical data, Filtered vs ASV708
2025-03-04 12:30:10.595831 INFO::Creating boxplot for categorical data, Filtered vs ASV712
2025-03-04 12:30:10.684277 INFO::Creating boxplot for categorical data, Filtered vs ASV717
2025-03-04 12:30:10.876028 INFO::Creating boxplot for categorical data, Filtered vs ASV718
2025-03-04 12:30:11.087178 INFO::Creating boxplot for categorical data, Filtered vs ASV719
2025-03-04 12:30:11.178121 INFO::Creating boxplot for categorical data, Filtered vs ASV720
2025-03-04 12:30:11.357737 INFO::Creating boxplot for categorical data, Filtered vs ASV721
2025-03-04 12:30:11.529115 INFO::Creating boxplot for categorical data, Filtered vs ASV727
2025-03-04 12:30:11.620341 INFO::Creating boxplot for categorical data, Filtered vs ASV731
2025-03-04 12:30:11.797614 INFO::Creating boxplot for categorical data, Filtered vs ASV733
2025-03-04 12:30:11.890167 INFO::Creating boxplot for categorical data, Filtered vs ASV736
2025-03-04 12:30:12.0617 INFO::Creating boxplot for categorical data, Filtered vs ASV749
2025-03-04 12:30:12.272374 INFO::Creating boxplot for categorical data, Filtered vs ASV756
2025-03-04 12:30:12.364156 INFO::Creating boxplot for categorical data, Filtered vs ASV760
2025-03-04 12:30:12.448727 INFO::Creating boxplot for categorical data, Filtered vs ASV767
2025-03-04 12:30:12.626618 INFO::Creating boxplot for categorical data, Filtered vs ASV768
2025-03-04 12:30:12.80711 INFO::Creating boxplot for categorical data, Filtered vs ASV769
2025-03-04 12:30:12.899345 INFO::Creating boxplot for categorical data, Filtered vs ASV773
2025-03-04 12:30:13.079038 INFO::Creating boxplot for categorical data, Filtered vs ASV774
2025-03-04 12:30:13.165539 INFO::Creating boxplot for categorical data, Filtered vs ASV777
2025-03-04 12:30:13.37854 INFO::Creating boxplot for categorical data, Filtered vs ASV783
2025-03-04 12:30:13.554057 INFO::Creating boxplot for categorical data, Filtered vs ASV785
2025-03-04 12:30:13.642773 INFO::Creating boxplot for categorical data, Filtered vs ASV786
2025-03-04 12:30:13.817599 INFO::Creating boxplot for categorical data, Filtered vs ASV792
2025-03-04 12:30:13.909639 INFO::Creating boxplot for categorical data, Filtered vs ASV793
2025-03-04 12:30:14.088201 INFO::Creating boxplot for categorical data, Filtered vs ASV805
2025-03-04 12:30:14.176566 INFO::Creating boxplot for categorical data, Filtered vs ASV812
2025-03-04 12:30:14.386684 INFO::Creating boxplot for categorical data, Filtered vs ASV815
2025-03-04 12:30:14.56606 INFO::Creating boxplot for categorical data, Filtered vs ASV819
2025-03-04 12:30:14.656693 INFO::Creating boxplot for categorical data, Filtered vs ASV821
2025-03-04 12:30:14.831534 INFO::Creating boxplot for categorical data, Filtered vs ASV822
2025-03-04 12:30:14.921495 INFO::Creating boxplot for categorical data, Filtered vs ASV824
2025-03-04 12:30:15.122178 INFO::Creating boxplot for categorical data, Filtered vs ASV838
2025-03-04 12:30:15.300341 INFO::Creating boxplot for categorical data, Filtered vs ASV840
2025-03-04 12:30:15.388476 INFO::Creating boxplot for categorical data, Filtered vs ASV841
2025-03-04 12:30:15.627468 INFO::Creating boxplot for categorical data, Filtered vs ASV842
2025-03-04 12:30:15.805095 INFO::Creating boxplot for categorical data, Filtered vs ASV851
2025-03-04 12:30:15.895688 INFO::Creating boxplot for categorical data, Filtered vs ASV853
2025-03-04 12:30:16.079899 INFO::Creating boxplot for categorical data, Filtered vs ASV862
2025-03-04 12:30:16.260275 INFO::Creating boxplot for categorical data, Filtered vs ASV863
2025-03-04 12:30:16.352968 INFO::Creating boxplot for categorical data, Filtered vs ASV865
2025-03-04 12:30:16.443616 INFO::Creating boxplot for categorical data, Filtered vs ASV866
2025-03-04 12:30:16.625947 INFO::Creating boxplot for categorical data, Filtered vs ASV867
2025-03-04 12:30:16.842927 INFO::Creating boxplot for categorical data, Filtered vs ASV876
2025-03-04 12:30:17.017502 INFO::Creating boxplot for categorical data, Filtered vs ASV879
2025-03-04 12:30:17.106453 INFO::Creating boxplot for categorical data, Filtered vs ASV880
2025-03-04 12:30:17.191985 INFO::Creating boxplot for categorical data, Filtered vs ASV883
2025-03-04 12:30:17.371689 INFO::Creating boxplot for categorical data, Filtered vs ASV888
2025-03-04 12:30:17.549503 INFO::Creating boxplot for categorical data, Filtered vs ASV894
2025-03-04 12:30:17.639337 INFO::Creating boxplot for categorical data, Filtered vs ASV895
2025-03-04 12:30:17.844752 INFO::Creating boxplot for categorical data, Filtered vs ASV896
2025-03-04 12:30:17.939374 INFO::Creating boxplot for categorical data, Filtered vs ASV901
2025-03-04 12:30:18.118611 INFO::Creating boxplot for categorical data, Filtered vs ASV903
2025-03-04 12:30:18.294468 INFO::Creating boxplot for categorical data, Filtered vs ASV904
2025-03-04 12:30:18.386411 INFO::Creating boxplot for categorical data, Filtered vs ASV906
2025-03-04 12:30:18.564523 INFO::Creating boxplot for categorical data, Filtered vs ASV920
2025-03-04 12:30:18.656272 INFO::Creating boxplot for categorical data, Filtered vs ASV921
2025-03-04 12:30:18.83056 INFO::Creating boxplot for categorical data, Filtered vs ASV937
2025-03-04 12:30:18.950364 INFO::Creating boxplot for categorical data, Filtered vs ASV939
2025-03-04 12:30:19.157158 INFO::Creating boxplot for categorical data, Filtered vs ASV940
2025-03-04 12:30:19.340986 INFO::Creating boxplot for categorical data, Filtered vs ASV949
2025-03-04 12:30:19.427563 INFO::Creating boxplot for categorical data, Filtered vs ASV950
2025-03-04 12:30:19.604976 INFO::Creating boxplot for categorical data, Filtered vs ASV951
2025-03-04 12:30:19.781022 INFO::Creating boxplot for categorical data, Filtered vs ASV953
2025-03-04 12:30:19.874916 INFO::Creating boxplot for categorical data, Filtered vs ASV954
2025-03-04 12:30:20.047176 INFO::Creating boxplot for categorical data, Filtered vs ASV955
2025-03-04 12:30:20.171419 INFO::Creating boxplot for categorical data, Filtered vs ASV957
2025-03-04 12:30:20.349373 INFO::Creating boxplot for categorical data, Filtered vs ASV958
2025-03-04 12:30:20.436699 INFO::Creating boxplot for categorical data, Filtered vs ASV959
2025-03-04 12:30:20.612121 INFO::Creating boxplot for categorical data, Filtered vs ASV974
2025-03-04 12:30:20.791856 INFO::Creating boxplot for categorical data, Filtered vs ASV976
2025-03-04 12:30:20.883547 INFO::Creating boxplot for categorical data, Filtered vs ASV977
2025-03-04 12:30:21.058104 INFO::Creating boxplot for categorical data, Filtered vs ASV980
2025-03-04 12:30:21.183922 INFO::Creating boxplot for categorical data, Filtered vs ASV982
2025-03-04 12:30:21.364092 INFO::Creating boxplot for categorical data, Filtered vs ASV984
2025-03-04 12:30:21.537822 INFO::Creating boxplot for categorical data, Filtered vs ASV988
2025-03-04 12:30:21.627227 INFO::Creating boxplot for categorical data, Filtered vs ASV998
2025-03-04 12:30:21.806848 INFO::Creating boxplot for categorical data, Filtered vs ASV999
2025-03-04 12:30:21.899043 INFO::Creating boxplot for categorical data, Filtered vs ASV1002
2025-03-04 12:30:22.081235 INFO::Creating boxplot for categorical data, Filtered vs ASV1005
2025-03-04 12:30:22.170135 INFO::Creating boxplot for categorical data, Filtered vs ASV1006
2025-03-04 12:30:22.386066 INFO::Creating boxplot for categorical data, Filtered vs ASV1007
2025-03-04 12:30:22.561763 INFO::Creating boxplot for categorical data, Filtered vs ASV1027
2025-03-04 12:30:22.648855 INFO::Creating boxplot for categorical data, Filtered vs ASV1034
2025-03-04 12:30:22.824981 INFO::Creating boxplot for categorical data, Filtered vs ASV1037
2025-03-04 12:30:22.915898 INFO::Creating boxplot for categorical data, Filtered vs ASV1038
2025-03-04 12:30:23.096798 INFO::Creating boxplot for categorical data, Filtered vs ASV1039
2025-03-04 12:30:23.191135 INFO::Creating boxplot for categorical data, Filtered vs ASV1045
2025-03-04 12:30:23.385162 INFO::Creating boxplot for categorical data, Filtered vs ASV1049
2025-03-04 12:30:23.604805 INFO::Creating boxplot for categorical data, Filtered vs ASV1051
2025-03-04 12:30:23.779904 INFO::Creating boxplot for categorical data, Filtered vs ASV1052
2025-03-04 12:30:23.867847 INFO::Creating boxplot for categorical data, Filtered vs ASV1053
2025-03-04 12:30:23.953897 INFO::Creating boxplot for categorical data, Filtered vs ASV1057
2025-03-04 12:30:24.130943 INFO::Creating boxplot for categorical data, Filtered vs ASV1062
2025-03-04 12:30:24.308097 INFO::Creating boxplot for categorical data, Filtered vs ASV1069
2025-03-04 12:30:24.399197 INFO::Creating boxplot for categorical data, Filtered vs ASV1076
2025-03-04 12:30:24.650914 INFO::Creating boxplot for categorical data, Filtered vs ASV1080
2025-03-04 12:30:24.831514 INFO::Creating boxplot for categorical data, Filtered vs ASV1081
2025-03-04 12:30:24.930625 INFO::Creating boxplot for categorical data, Filtered vs ASV1083
2025-03-04 12:30:25.109101 INFO::Creating boxplot for categorical data, Filtered vs ASV1085
2025-03-04 12:30:25.293724 INFO::Creating boxplot for categorical data, Filtered vs ASV1095
2025-03-04 12:30:25.386479 INFO::Creating boxplot for categorical data, Filtered vs ASV1106
2025-03-04 12:30:25.564278 INFO::Creating boxplot for categorical data, Filtered vs ASV1110
2025-03-04 12:30:25.653229 INFO::Creating boxplot for categorical data, Filtered vs ASV1112
2025-03-04 12:30:25.883202 INFO::Creating boxplot for categorical data, Filtered vs ASV1116
2025-03-04 12:30:26.063663 INFO::Creating boxplot for categorical data, Filtered vs ASV1131
2025-03-04 12:30:26.155679 INFO::Creating boxplot for categorical data, Filtered vs ASV1133
2025-03-04 12:30:26.330658 INFO::Creating boxplot for categorical data, Filtered vs ASV1135
2025-03-04 12:30:26.421193 INFO::Creating boxplot for categorical data, Filtered vs ASV1137
2025-03-04 12:30:26.599455 INFO::Creating boxplot for categorical data, Filtered vs ASV1142
2025-03-04 12:30:26.687237 INFO::Creating boxplot for categorical data, Filtered vs ASV1175
2025-03-04 12:30:26.86166 INFO::Creating boxplot for categorical data, Filtered vs ASV1176
2025-03-04 12:30:27.083225 INFO::Creating boxplot for categorical data, Filtered vs ASV1193
2025-03-04 12:30:27.178561 INFO::Creating boxplot for categorical data, Filtered vs ASV1198
2025-03-04 12:30:27.357239 INFO::Creating boxplot for categorical data, Filtered vs ASV1202
2025-03-04 12:30:27.54113 INFO::Creating boxplot for categorical data, Filtered vs ASV1206
2025-03-04 12:30:27.635448 INFO::Creating boxplot for categorical data, Filtered vs ASV1208
2025-03-04 12:30:27.814013 INFO::Creating boxplot for categorical data, Filtered vs ASV1211
2025-03-04 12:30:27.902224 INFO::Creating boxplot for categorical data, Filtered vs ASV1212
2025-03-04 12:30:28.081375 INFO::Creating boxplot for categorical data, Filtered vs ASV1228
2025-03-04 12:30:28.311355 INFO::Creating boxplot for categorical data, Filtered vs ASV1239
2025-03-04 12:30:28.404427 INFO::Creating boxplot for categorical data, Filtered vs ASV1247
2025-03-04 12:30:28.577425 INFO::Creating boxplot for categorical data, Filtered vs ASV1265
2025-03-04 12:30:28.666517 INFO::Creating boxplot for categorical data, Filtered vs ASV1274
2025-03-04 12:30:28.85095 INFO::Creating boxplot for categorical data, Filtered vs ASV1276
2025-03-04 12:30:29.029279 INFO::Creating boxplot for categorical data, Filtered vs ASV1279
2025-03-04 12:30:29.117797 INFO::Creating boxplot for categorical data, Filtered vs ASV1280
2025-03-04 12:30:29.202668 INFO::Creating boxplot for categorical data, Filtered vs ASV1308
2025-03-04 12:30:29.539416 INFO::Creating boxplot for categorical data, Filtered vs ASV1309
2025-03-04 12:30:29.633195 INFO::Creating boxplot for categorical data, Filtered vs ASV1324
2025-03-04 12:30:29.80218 INFO::Creating boxplot for categorical data, Filtered vs ASV1349
2025-03-04 12:30:29.893789 INFO::Creating boxplot for categorical data, Filtered vs ASV1370
2025-03-04 12:30:30.071251 INFO::Creating boxplot for categorical data, Filtered vs ASV1415
2025-03-04 12:30:30.162194 INFO::Creating boxplot for categorical data, Filtered vs ASV1416
2025-03-04 12:30:30.333767 INFO::Creating boxplot for categorical data, Filtered vs ASV207
2025-03-04 12:30:30.552809 INFO::Creating boxplot for categorical data, Filtered vs ASV441
2025-03-04 12:30:30.653255 INFO::Creating boxplot for categorical data, Filtered vs ASV288
2025-03-04 12:30:30.829812 INFO::Creating boxplot for categorical data, Filtered vs ASV669
2025-03-04 12:30:30.91732 INFO::Creating boxplot for categorical data, Filtered vs ASV61
2025-03-04 12:30:31.094046 INFO::Creating boxplot for categorical data, Filtered vs ASV292
2025-03-04 12:30:31.184992 INFO::Creating boxplot for categorical data, Filtered vs ASV349
2025-03-04 12:30:31.365053 INFO::Creating boxplot for categorical data, Filtered vs ASV688
2025-03-04 12:30:31.449357 INFO::Creating boxplot for categorical data, Filtered vs ASV114
2025-03-04 12:30:31.674301 INFO::Creating boxplot for categorical data, Filtered vs ASV467
2025-03-04 12:30:31.874295 INFO::Creating boxplot for categorical data, Filtered vs ASV522
2025-03-04 12:30:31.962857 INFO::Creating boxplot for categorical data, Filtered vs ASV556
2025-03-04 12:30:32.140671 INFO::Creating boxplot for categorical data, Filtered vs ASV573
2025-03-04 12:30:32.32377 INFO::Creating boxplot for categorical data, Filtered vs ASV631
2025-03-04 12:30:32.415331 INFO::Creating boxplot for categorical data, Filtered vs ASV272
2025-03-04 12:30:32.5957 INFO::Creating boxplot for categorical data, Filtered vs ASV460
2025-03-04 12:30:32.682492 INFO::Creating boxplot for categorical data, Filtered vs ASV850
2025-03-04 12:30:32.91107 INFO::Creating boxplot for categorical data, Filtered vs ASV492
2025-03-04 12:30:33.094389 INFO::Creating boxplot for categorical data, Filtered vs ASV1244
2025-03-04 12:30:33.183666 INFO::Creating boxplot for categorical data, Filtered vs ASV336
2025-03-04 12:30:33.359348 INFO::Creating boxplot for categorical data, Filtered vs ASV443
2025-03-04 12:30:33.536168 INFO::Creating boxplot for categorical data, Filtered vs ASV628
2025-03-04 12:30:33.630203 INFO::Creating boxplot for categorical data, Filtered vs ASV832
2025-03-04 12:30:33.806269 INFO::Creating boxplot for categorical data, Filtered vs ASV1204
2025-03-04 12:30:33.894256 INFO::Creating boxplot for categorical data, Filtered vs ASV941
2025-03-04 12:30:34.127949 INFO::Creating boxplot for categorical data, Filtered vs ASV309
2025-03-04 12:30:34.217765 INFO::Creating boxplot for categorical data, Filtered vs ASV222
2025-03-04 12:30:34.401511 INFO::Creating boxplot for categorical data, Filtered vs ASV412
2025-03-04 12:30:34.576389 INFO::Creating boxplot for categorical data, Filtered vs ASV453
2025-03-04 12:30:34.670304 INFO::Creating boxplot for categorical data, Filtered vs ASV547
2025-03-04 12:30:34.850919 INFO::Creating boxplot for categorical data, Filtered vs ASV622
2025-03-04 12:30:34.937005 INFO::Creating boxplot for categorical data, Filtered vs ASV1017
2025-03-04 12:30:35.149714 INFO::Creating boxplot for categorical data, Filtered vs ASV142
2025-03-04 12:30:35.343234 INFO::Creating boxplot for categorical data, Filtered vs ASV170
2025-03-04 12:30:35.435709 INFO::Creating boxplot for categorical data, Filtered vs ASV361
2025-03-04 12:30:35.615273 INFO::Creating boxplot for categorical data, Filtered vs ASV674
2025-03-04 12:30:35.704112 INFO::Creating boxplot for categorical data, Filtered vs ASV294
2025-03-04 12:30:35.884578 INFO::Creating boxplot for categorical data, Filtered vs ASV75
2025-03-04 12:30:36.073972 INFO::Creating boxplot for categorical data, Filtered vs ASV590
2025-03-04 12:30:36.162796 INFO::Creating boxplot for categorical data, Filtered vs ASV252
2025-03-04 12:30:36.387428 INFO::Creating boxplot for categorical data, Filtered vs ASV440
2025-03-04 12:30:36.476406 INFO::Creating boxplot for categorical data, Filtered vs ASV1108
2025-03-04 12:30:36.655246 INFO::Creating boxplot for categorical data, Filtered vs ASV355
2025-03-04 12:30:36.826425 INFO::Creating boxplot for categorical data, Filtered vs ASV414
2025-03-04 12:30:36.918464 INFO::Creating boxplot for categorical data, Filtered vs ASV1019
2025-03-04 12:30:37.108161 INFO::Creating boxplot for categorical data, Filtered vs ASV77
2025-03-04 12:30:37.2812 INFO::Creating boxplot for categorical data, Filtered vs ASV525
2025-03-04 12:30:37.371422 INFO::Creating boxplot for categorical data, Filtered vs ASV1040
2025-03-04 12:30:37.601683 INFO::Creating boxplot for categorical data, Filtered vs ASV465
2025-03-04 12:30:37.69654 INFO::Creating boxplot for categorical data, Filtered vs ASV236
2025-03-04 12:30:37.873931 INFO::Creating boxplot for categorical data, Filtered vs ASV276
2025-03-04 12:30:38.045009 INFO::Creating boxplot for categorical data, Filtered vs ASV298
2025-03-04 12:30:38.137841 INFO::Creating boxplot for categorical data, Filtered vs ASV373
2025-03-04 12:30:38.31378 INFO::Creating boxplot for categorical data, Filtered vs ASV24
2025-03-04 12:30:38.403823 INFO::Creating boxplot for categorical data, Filtered vs ASV104
2025-03-04 12:30:38.58131 INFO::Creating boxplot for categorical data, Filtered vs ASV200
2025-03-04 12:30:38.807661 INFO::Creating boxplot for categorical data, Filtered vs ASV348
2025-03-04 12:30:38.902156 INFO::Creating boxplot for categorical data, Filtered vs ASV192
2025-03-04 12:30:39.079267 INFO::Creating boxplot for categorical data, Filtered vs ASV21
2025-03-04 12:30:39.167556 INFO::Creating boxplot for categorical data, Filtered vs ASV283
2025-03-04 12:30:39.345437 INFO::Creating boxplot for categorical data, Filtered vs ASV389
2025-03-04 12:30:39.43719 INFO::Creating boxplot for categorical data, Filtered vs ASV750
2025-03-04 12:30:39.614217 INFO::Creating boxplot for categorical data, Filtered vs ASV658
2025-03-04 12:30:39.843234 INFO::Creating boxplot for categorical data, Filtered vs ASV8
2025-03-04 12:30:40.023773 INFO::Creating boxplot for categorical data, Filtered vs ASV661
2025-03-04 12:30:40.118902 INFO::Creating boxplot for categorical data, Filtered vs ASV216
2025-03-04 12:30:40.212506 INFO::Creating boxplot for categorical data, Filtered vs ASV12
2025-03-04 12:30:40.402613 INFO::Creating boxplot for categorical data, Filtered vs ASV302
