ASV	Kingdom	Phylum	Class	Order	Family	Genus	Species
ASV3	Bacteria	Proteobacteria	Gammaproteobacteria	Pseudomonadales	Pseudomonadaceae	Pseudomonas	NA
ASV5	Bacteria	Proteobacteria	Gammaproteobacteria	Pseudomonadales	Pseudomonadaceae	Pseudomonas	NA
ASV6	Bacteria	Bacteroidota	Bacteroidia	Flavobacteriales	Flavobacteriaceae	Flavobacterium	NA
ASV7	Bacteria	Proteobacteria	Gammaproteobacteria	Xanthomonadales	Xanthomonadaceae	Silanimonas	NA
ASV8	Bacteria	Proteobacteria	Gammaproteobacteria	Pseudomonadales	Pseudomonadaceae	Pseudomonas	NA
ASV9	Bacteria	Proteobacteria	Alphaproteobacteria	Rhodobacterales	Rhodobacteraceae	Tabrizicola	NA
ASV10	Bacteria	Proteobacteria	Alphaproteobacteria	Caulobacterales	Caulobacteraceae	Brevundimonas	NA
ASV11	Bacteria	Proteobacteria	Gammaproteobacteria	Burkholderiales	Rhodocyclaceae	NA	NA
ASV12	Bacteria	Proteobacteria	Alphaproteobacteria	Sphingomonadales	Sphingomonadaceae	Sphingomonas	NA
ASV13	Bacteria	Proteobacteria	Gammaproteobacteria	Burkholderiales	Comamonadaceae	Giesbergeria	NA
ASV14	Bacteria	Proteobacteria	Gammaproteobacteria	Xanthomonadales	Rhodanobacteraceae	Aquimonas	NA
ASV15	Bacteria	Proteobacteria	Alphaproteobacteria	Rhizobiales	Kaistiaceae	Kaistia	NA
ASV16	Bacteria	Actinobacteriota	Actinobacteria	Corynebacteriales	Nocardiaceae	Rhodococcus	NA
ASV17	Bacteria	Campylobacterota	Campylobacteria	Campylobacterales	Arcobacteraceae	Pseudarcobacter	NA
ASV18	Bacteria	Proteobacteria	Gammaproteobacteria	Enterobacterales	Alteromonadaceae	Alishewanella	NA
ASV19	Bacteria	Actinobacteriota	Actinobacteria	Micrococcales	Microbacteriaceae	Leucobacter	NA
ASV20	Bacteria	Proteobacteria	Alphaproteobacteria	Rhodobacterales	Rhodobacteraceae	NA	NA
ASV21	Bacteria	NA	NA	NA	NA	NA	NA
ASV22	Bacteria	Bacteroidota	Bacteroidia	Bacteroidales	Williamwhitmaniaceae	Acetobacteroides	NA
ASV23	Bacteria	Proteobacteria	Gammaproteobacteria	Burkholderiales	Comamonadaceae	Polaromonas	NA
ASV24	Bacteria	Bacteroidota	Bacteroidia	Cytophagales	Cyclobacteriaceae	Algoriphagus	NA
ASV25	Bacteria	Proteobacteria	Gammaproteobacteria	Burkholderiales	Comamonadaceae	Polaromonas	NA
ASV26	Bacteria	Bacteroidota	Bacteroidia	Cytophagales	Spirosomaceae	Dyadobacter	NA
ASV27	Bacteria	Bacteroidota	Bacteroidia	Flavobacteriales	Weeksellaceae	Chryseobacterium	NA
ASV28	Bacteria	Proteobacteria	Gammaproteobacteria	Burkholderiales	Comamonadaceae	Paucibacter	NA
ASV29	Bacteria	Firmicutes	Bacilli	Lactobacillales	Carnobacteriaceae	Trichococcus	NA
ASV30	Bacteria	Bacteroidota	Bacteroidia	Sphingobacteriales	Sphingobacteriaceae	Pedobacter	NA
ASV31	Bacteria	Proteobacteria	Alphaproteobacteria	Sphingomonadales	Sphingomonadaceae	Sphingopyxis	NA
ASV32	Bacteria	Proteobacteria	Alphaproteobacteria	Rhodobacterales	Rhodobacteraceae	Paracoccus	NA
ASV33	Bacteria	Bdellovibrionota	Bdellovibrionia	Bacteriovoracales	Bacteriovoracaceae	Peredibacter	NA
ASV34	Bacteria	NA	NA	NA	NA	NA	NA
ASV35	Bacteria	Bacteroidota	Bacteroidia	Cytophagales	Spirosomaceae	Dyadobacter	NA
ASV36	Bacteria	Firmicutes	Clostridia	Clostridiales	Clostridiaceae	Clostridium sensu stricto 13	NA
ASV37	Bacteria	Proteobacteria	Alphaproteobacteria	Rhodobacterales	Rhodobacteraceae	Cereibacter	NA
ASV38	Bacteria	Bacteroidota	Bacteroidia	Flavobacteriales	Weeksellaceae	Chryseobacterium	NA
ASV39	Bacteria	Proteobacteria	Gammaproteobacteria	Legionellales	Legionellaceae	Legionella	NA
ASV40	Bacteria	Campylobacterota	Campylobacteria	Campylobacterales	Arcobacteraceae	Pseudarcobacter	NA
ASV42	Bacteria	Proteobacteria	Gammaproteobacteria	Burkholderiales	Comamonadaceae	Limnohabitans	NA
ASV43	Bacteria	Bacteroidota	Bacteroidia	Bacteroidales	Rikenellaceae	NA	NA
ASV44	Bacteria	Bacteroidota	Bacteroidia	Flavobacteriales	Crocinitomicaceae	Fluviicola	NA
ASV45	Bacteria	Verrucomicrobiota	Verrucomicrobiae	Verrucomicrobiales	Verrucomicrobiaceae	Prosthecobacter	NA
ASV46	Bacteria	Proteobacteria	Alphaproteobacteria	Rhizobiales	Devosiaceae	Devosia	NA
ASV47	Bacteria	Bacteroidota	Bacteroidia	Cytophagales	Spirosomaceae	Dyadobacter	NA
ASV48	Bacteria	Proteobacteria	Gammaproteobacteria	Burkholderiales	Rhodocyclaceae	NA	NA
ASV49	Bacteria	Bacteroidota	Bacteroidia	Sphingobacteriales	Sphingobacteriaceae	Pedobacter	NA
ASV50	Bacteria	Proteobacteria	Alphaproteobacteria	Rhodobacterales	Rhodobacteraceae	Rhodobacter	NA
ASV51	Bacteria	Bacteroidota	Bacteroidia	Bacteroidales	FTLpost3	NA	NA
ASV52	Bacteria	Firmicutes	Bacilli	Lactobacillales	Streptococcaceae	Lactococcus	NA
ASV53	Bacteria	Verrucomicrobiota	Verrucomicrobiae	Verrucomicrobiales	Verrucomicrobiaceae	NA	NA
ASV54	Bacteria	Proteobacteria	Gammaproteobacteria	Burkholderiales	Oxalobacteraceae	Janthinobacterium	NA
ASV55	Bacteria	Proteobacteria	Alphaproteobacteria	Acetobacterales	Acetobacteraceae	Roseococcus	NA
ASV56	Bacteria	Proteobacteria	Gammaproteobacteria	Burkholderiales	Comamonadaceae	NA	NA
ASV57	Bacteria	Proteobacteria	Gammaproteobacteria	Burkholderiales	Rhodocyclaceae	Dechloromonas	NA
ASV58	Bacteria	Bacteroidota	Bacteroidia	Cytophagales	Cyclobacteriaceae	Algoriphagus	NA
ASV59	Bacteria	Proteobacteria	Gammaproteobacteria	Burkholderiales	Comamonadaceae	Rhodoferax	NA
ASV60	Bacteria	Proteobacteria	Gammaproteobacteria	Enterobacterales	Enterobacteriaceae	Klebsiella	NA
ASV61	Bacteria	Hydrogenedentes	Hydrogenedentia	Hydrogenedentiales	Hydrogenedensaceae	NA	NA
ASV62	Bacteria	Proteobacteria	Alphaproteobacteria	Rhizobiales	Rhizobiaceae	Aminobacter	NA
ASV63	Bacteria	Proteobacteria	Alphaproteobacteria	Rhizobiales	Devosiaceae	Devosia	NA
ASV64	Bacteria	Proteobacteria	Alphaproteobacteria	Caulobacterales	Caulobacteraceae	Brevundimonas	NA
ASV65	Bacteria	Bdellovibrionota	Bdellovibrionia	Bacteriovoracales	Bacteriovoracaceae	Bacteriovorax	NA
ASV66	Bacteria	Proteobacteria	Gammaproteobacteria	Pseudomonadales	Moraxellaceae	Acinetobacter	NA
ASV67	Bacteria	Bacteroidota	Bacteroidia	Bacteroidales	Paludibacteraceae	Paludibacter	NA
ASV68	Bacteria	Proteobacteria	Gammaproteobacteria	Enterobacterales	Aeromonadaceae	Aeromonas	NA
ASV69	Bacteria	Bdellovibrionota	Bdellovibrionia	Bacteriovoracales	Bacteriovoracaceae	Bacteriovorax	NA
ASV70	Bacteria	Bacteroidota	Bacteroidia	Cytophagales	Spirosomaceae	Dyadobacter	NA
ASV71	Bacteria	Proteobacteria	Alphaproteobacteria	Acetobacterales	Acetobacteraceae	Roseococcus	NA
ASV72	Bacteria	Proteobacteria	Gammaproteobacteria	Burkholderiales	Comamonadaceae	Hydrogenophaga	NA
ASV73	Bacteria	Actinobacteriota	Actinobacteria	Micrococcales	Micrococcaceae	NA	NA
ASV74	Bacteria	Proteobacteria	Gammaproteobacteria	Pseudomonadales	Pseudomonadaceae	Pseudomonas	NA
ASV75	Bacteria	Bacteroidota	Bacteroidia	Bacteroidales	Prolixibacteraceae	WCHB1-32	NA
ASV76	Bacteria	Bacteroidota	Bacteroidia	Bacteroidales	Williamwhitmaniaceae	Williamwhitmania	NA
ASV77	Bacteria	Proteobacteria	Gammaproteobacteria	Pseudomonadales	Pseudomonadaceae	Pseudomonas	NA
ASV78	Bacteria	Proteobacteria	Gammaproteobacteria	Burkholderiales	Comamonadaceae	Hydrogenophaga	NA
ASV79	Bacteria	Proteobacteria	Alphaproteobacteria	Rhizobiales	Beijerinckiaceae	Bosea	NA
ASV80	Bacteria	Proteobacteria	Gammaproteobacteria	Burkholderiales	Burkholderiaceae	Burkholderia-Caballeronia-Paraburkholderia	NA
ASV82	Bacteria	Proteobacteria	Alphaproteobacteria	Caulobacterales	Caulobacteraceae	Caulobacter	NA
ASV83	Bacteria	Actinobacteriota	Actinobacteria	Micrococcales	Microbacteriaceae	Leucobacter	NA
ASV84	Bacteria	Proteobacteria	Alphaproteobacteria	Sphingomonadales	Sphingomonadaceae	Porphyrobacter	NA
ASV85	Bacteria	Firmicutes	Clostridia	Clostridiales	Clostridiaceae	Proteiniclasticum	NA
ASV86	Bacteria	Proteobacteria	Alphaproteobacteria	Rhizobiales	Devosiaceae	Devosia	NA
ASV87	Bacteria	Firmicutes	Clostridia	Clostridiales	Clostridiaceae	Proteiniclasticum	NA
ASV88	Bacteria	Bacteroidota	Bacteroidia	Flavobacteriales	Flavobacteriaceae	Flavobacterium	NA
ASV89	Bacteria	Bacteroidota	Bacteroidia	Sphingobacteriales	Sphingobacteriaceae	Pedobacter	NA
ASV90	Bacteria	Proteobacteria	Alphaproteobacteria	Rhizobiales	Rhizobiaceae	Pseudochrobactrum	NA
ASV91	Bacteria	Firmicutes	Clostridia	Peptostreptococcales-Tissierellales	Peptostreptococcaceae	Acetoanaerobium	NA
ASV92	Bacteria	Bacteroidota	Bacteroidia	Chitinophagales	Chitinophagaceae	Edaphobaculum	NA
ASV93	Bacteria	Proteobacteria	Alphaproteobacteria	Rhizobiales	Devosiaceae	Devosia	NA
ASV94	Bacteria	Proteobacteria	Alphaproteobacteria	Rhodobacterales	Rhodobacteraceae	Pseudorhodobacter	NA
ASV95	Bacteria	Bacteroidota	Bacteroidia	Bacteroidales	Paludibacteraceae	Paludibacter	NA
ASV96	Bacteria	Proteobacteria	Gammaproteobacteria	Pseudomonadales	Moraxellaceae	Acinetobacter	NA
ASV97	Bacteria	Proteobacteria	Gammaproteobacteria	Burkholderiales	Comamonadaceae	NA	NA
ASV98	Bacteria	Desulfobacterota	Desulfovibrionia	Desulfovibrionales	Desulfovibrionaceae	Desulfovibrio	NA
ASV99	Bacteria	Bacteroidota	Bacteroidia	Sphingobacteriales	NS11-12 marine group	NA	NA
ASV100	Bacteria	Proteobacteria	Gammaproteobacteria	Burkholderiales	Comamonadaceae	Hydrogenophaga	NA
ASV101	Bacteria	Proteobacteria	Alphaproteobacteria	Rhizobiales	Rhizobiaceae	Ochrobactrum	NA
ASV102	Bacteria	Proteobacteria	Gammaproteobacteria	Burkholderiales	Alcaligenaceae	NA	NA
ASV103	Bacteria	Proteobacteria	Alphaproteobacteria	Rhizobiales	Beijerinckiaceae	Bosea	NA
ASV104	Bacteria	Bdellovibrionota	Bdellovibrionia	Bacteriovoracales	Bacteriovoracaceae	Bacteriovorax	NA
ASV105	Bacteria	Proteobacteria	Gammaproteobacteria	Burkholderiales	Comamonadaceae	Rhodoferax	NA
ASV106	Bacteria	Bacteroidota	Bacteroidia	Chitinophagales	Chitinophagaceae	Sediminibacterium	NA
ASV107	Bacteria	Proteobacteria	Alphaproteobacteria	Rhizobiales	Beijerinckiaceae	Bosea	NA
ASV108	Bacteria	Proteobacteria	Alphaproteobacteria	Rhodobacterales	Rhodobacteraceae	Gemmobacter	NA
ASV109	Bacteria	Armatimonadota	NA	NA	NA	NA	NA
ASV110	Bacteria	Actinobacteriota	Actinobacteria	Micrococcales	Microbacteriaceae	Subtercola	NA
ASV111	Bacteria	Proteobacteria	Alphaproteobacteria	Rhodobacterales	Rhodobacteraceae	Pseudorhodobacter	NA
ASV112	Bacteria	Bacteroidota	Bacteroidia	Bacteroidales	Prolixibacteraceae	BSV13	NA
ASV113	Bacteria	Proteobacteria	Alphaproteobacteria	Acetobacterales	Acetobacteraceae	Roseococcus	NA
ASV114	Bacteria	Cyanobacteria	Sericytochromatia	NA	NA	NA	NA
ASV115	Bacteria	Proteobacteria	Alphaproteobacteria	Rhizobiales	Rhizobiaceae	Allorhizobium-Neorhizobium-Pararhizobium-Rhizobium	NA
ASV116	Bacteria	Firmicutes	Negativicutes	Veillonellales-Selenomonadales	Sporomusaceae	NA	NA
ASV117	Bacteria	Proteobacteria	Alphaproteobacteria	Rhizobiales	Devosiaceae	Devosia	NA
ASV118	Bacteria	Desulfobacterota	Desulfuromonadia	Bradymonadales	NA	NA	NA
ASV119	Bacteria	Proteobacteria	Gammaproteobacteria	Pseudomonadales	Pseudomonadaceae	Pseudomonas	NA
ASV120	Bacteria	Firmicutes	Clostridia	Clostridiales	Clostridiaceae	Clostridium sensu stricto 9	NA
ASV121	Bacteria	Bacteroidota	Bacteroidia	Flavobacteriales	NS9 marine group	NA	NA
ASV122	Bacteria	Bdellovibrionota	Bdellovibrionia	Bdellovibrionales	Bdellovibrionaceae	Bdellovibrio	NA
ASV123	Bacteria	Bacteroidota	Bacteroidia	Cytophagales	Spirosomaceae	Dyadobacter	NA
ASV124	Bacteria	Proteobacteria	Alphaproteobacteria	Acetobacterales	Acetobacteraceae	Roseomonas	NA
ASV125	Bacteria	Proteobacteria	Gammaproteobacteria	Pseudomonadales	Moraxellaceae	Acinetobacter	NA
ASV126	Bacteria	Verrucomicrobiota	Verrucomicrobiae	Verrucomicrobiales	Verrucomicrobiaceae	Verrucomicrobium	NA
ASV127	Bacteria	Bacteroidota	Bacteroidia	Bacteroidales	Paludibacteraceae	Paludibacter	NA
ASV128	Bacteria	Proteobacteria	Alphaproteobacteria	Rhizobiales	Rhizobiaceae	Ensifer	NA
ASV129	Bacteria	Planctomycetota	Planctomycetes	Planctomycetales	NA	NA	NA
ASV130	Bacteria	Proteobacteria	Gammaproteobacteria	Burkholderiales	Comamonadaceae	Hydrogenophaga	NA
ASV131	Bacteria	Actinobacteriota	Actinobacteria	Micrococcales	Microbacteriaceae	Leucobacter	NA
ASV132	Bacteria	Proteobacteria	Gammaproteobacteria	Burkholderiales	Comamonadaceae	Polaromonas	NA
ASV133	Bacteria	Proteobacteria	Gammaproteobacteria	Pseudomonadales	Pseudomonadaceae	Pseudomonas	NA
ASV134	Bacteria	Verrucomicrobiota	Verrucomicrobiae	Verrucomicrobiales	Verrucomicrobiaceae	NA	NA
ASV135	Bacteria	Actinobacteriota	Actinobacteria	Micrococcales	Microbacteriaceae	NA	NA
ASV136	Bacteria	Bacteroidota	Bacteroidia	Sphingobacteriales	Sphingobacteriaceae	Pseudopedobacter	NA
ASV137	Bacteria	Actinobacteriota	Actinobacteria	Micrococcales	Microbacteriaceae	Leucobacter	NA
ASV138	Bacteria	Bacteroidota	Bacteroidia	Cytophagales	Cyclobacteriaceae	NA	NA
ASV139	Bacteria	Proteobacteria	Gammaproteobacteria	Burkholderiales	Comamonadaceae	Paucibacter	NA
ASV140	Bacteria	Bacteroidota	Bacteroidia	Cytophagales	Spirosomaceae	Dyadobacter	NA
ASV141	Bacteria	Proteobacteria	Gammaproteobacteria	Burkholderiales	Comamonadaceae	Polaromonas	NA
ASV142	Bacteria	Firmicutes	Clostridia	Lachnospirales	Lachnospiraceae	XBB1006	NA
ASV143	Bacteria	Bacteroidota	Bacteroidia	Bacteroidales	FTLpost3	NA	NA
ASV144	Bacteria	Bacteroidota	Bacteroidia	Cytophagales	Cyclobacteriaceae	Algoriphagus	NA
ASV145	Bacteria	Proteobacteria	Gammaproteobacteria	Burkholderiales	Comamonadaceae	Rhodoferax	NA
ASV146	Bacteria	Proteobacteria	Alphaproteobacteria	Caulobacterales	Caulobacteraceae	Caulobacter	NA
ASV147	Bacteria	Proteobacteria	Alphaproteobacteria	Rhizobiales	Rhizobiaceae	Pseudochrobactrum	NA
ASV149	Bacteria	Bdellovibrionota	Bdellovibrionia	Bacteriovoracales	Bacteriovoracaceae	Bacteriovorax	NA
ASV150	Bacteria	Bacteroidota	Bacteroidia	Flavobacteriales	Weeksellaceae	Chryseobacterium	NA
ASV151	Bacteria	Proteobacteria	Gammaproteobacteria	Xanthomonadales	Xanthomonadaceae	Stenotrophomonas	NA
ASV152	Bacteria	Proteobacteria	Alphaproteobacteria	Sphingomonadales	Sphingomonadaceae	Sphingomonas	NA
ASV153	Bacteria	Proteobacteria	Gammaproteobacteria	Burkholderiales	Comamonadaceae	Polaromonas	NA
ASV154	Bacteria	Actinobacteriota	Coriobacteriia	Coriobacteriales	Coriobacteriales Incertae Sedis	Raoultibacter	NA
ASV155	Bacteria	Proteobacteria	Alphaproteobacteria	Rhodobacterales	Rhodobacteraceae	Cereibacter	NA
ASV156	Bacteria	Bdellovibrionota	Bdellovibrionia	Bdellovibrionales	Bdellovibrionaceae	Bdellovibrio	NA
ASV157	Bacteria	Proteobacteria	Alphaproteobacteria	Rhizobiales	Devosiaceae	Devosia	NA
ASV158	Bacteria	Proteobacteria	Gammaproteobacteria	Pseudomonadales	Pseudomonadaceae	Pseudomonas	NA
ASV159	Bacteria	Firmicutes	Clostridia	Oscillospirales	Oscillospiraceae	NK4A214 group	NA
ASV160	Bacteria	Proteobacteria	Alphaproteobacteria	Rhizobiales	Beijerinckiaceae	Bosea	NA
ASV161	Bacteria	Bacteroidota	Bacteroidia	Cytophagales	Spirosomaceae	Emticicia	NA
ASV162	Bacteria	Proteobacteria	Gammaproteobacteria	Burkholderiales	Rhodocyclaceae	Candidatus Accumulibacter	NA
ASV163	Bacteria	Firmicutes	Negativicutes	Veillonellales-Selenomonadales	Sporomusaceae	NA	NA
ASV164	Bacteria	Bacteroidota	Bacteroidia	Chitinophagales	Chitinophagaceae	Taibaiella	NA
ASV165	Bacteria	Bacteroidota	Bacteroidia	Sphingobacteriales	env.OPS 17	NA	NA
ASV166	Bacteria	Proteobacteria	Alphaproteobacteria	Caulobacterales	Caulobacteraceae	Brevundimonas	NA
ASV167	Bacteria	Bacteroidota	Bacteroidia	Bacteroidales	Rikenellaceae	NA	NA
ASV168	Bacteria	Proteobacteria	Alphaproteobacteria	Rhodobacterales	Rhodobacteraceae	NA	NA
ASV169	Bacteria	Proteobacteria	Alphaproteobacteria	Rhizobiales	Beijerinckiaceae	Qingshengfania	NA
ASV170	Bacteria	Proteobacteria	Alphaproteobacteria	Rhodobacterales	Rhodobacteraceae	Rhodobacter	NA
ASV171	Bacteria	Firmicutes	Bacilli	Lactobacillales	Streptococcaceae	Lactococcus	NA
ASV172	Bacteria	Proteobacteria	Alphaproteobacteria	Rhodobacterales	Rhodobacteraceae	Pseudorhodobacter	NA
ASV173	Bacteria	Proteobacteria	Gammaproteobacteria	Enterobacterales	Shewanellaceae	Shewanella	NA
ASV174	Bacteria	Proteobacteria	Gammaproteobacteria	Burkholderiales	Comamonadaceae	Simplicispira	NA
ASV175	Bacteria	Bacteroidota	Bacteroidia	Bacteroidales	Prolixibacteraceae	BSV13	NA
ASV176	Bacteria	Firmicutes	Clostridia	Peptostreptococcales-Tissierellales	Peptostreptococcaceae	Acetoanaerobium	NA
ASV177	Bacteria	Proteobacteria	Gammaproteobacteria	Legionellales	Legionellaceae	Legionella	NA
ASV178	Bacteria	Verrucomicrobiota	Verrucomicrobiae	Verrucomicrobiales	Rubritaleaceae	Luteolibacter	NA
ASV179	Bacteria	Desulfobacterota	Desulfobacteria	Desulfobacterales	Desulforegulaceae	Desulforegula	NA
ASV180	Bacteria	Proteobacteria	Gammaproteobacteria	Burkholderiales	Comamonadaceae	Comamonas	NA
ASV181	Bacteria	Firmicutes	Clostridia	Peptostreptococcales-Tissierellales	Fusibacteraceae	Fusibacter	NA
ASV182	Bacteria	Proteobacteria	Gammaproteobacteria	Pseudomonadales	Moraxellaceae	Acinetobacter	NA
ASV183	Bacteria	Proteobacteria	Alphaproteobacteria	Rhizobiales	Devosiaceae	Devosia	NA
ASV184	Bacteria	Proteobacteria	Alphaproteobacteria	Sphingomonadales	Sphingomonadaceae	Sandaracinobacter	NA
ASV185	Bacteria	Actinobacteriota	Actinobacteria	Micrococcales	Microbacteriaceae	Leucobacter	NA
ASV186	Bacteria	Actinobacteriota	Actinobacteria	Micrococcales	Microbacteriaceae	Microbacterium	NA
ASV187	Bacteria	Proteobacteria	Gammaproteobacteria	Burkholderiales	Comamonadaceae	NA	NA
ASV188	Bacteria	Actinobacteriota	Actinobacteria	Micrococcales	Microbacteriaceae	Leucobacter	NA
ASV189	Bacteria	Actinobacteriota	Actinobacteria	Corynebacteriales	Dietziaceae	Dietzia	NA
ASV190	Bacteria	Desulfobacterota	Desulfuromonadia	Geobacterales	Geobacteraceae	Trichlorobacter	NA
ASV191	Bacteria	Bacteroidota	Bacteroidia	Cytophagales	Spirosomaceae	Dyadobacter	NA
ASV192	Bacteria	Myxococcota	Myxococcia	Myxococcales	Anaeromyxobacteraceae	Anaeromyxobacter	NA
ASV193	Bacteria	Actinobacteriota	Actinobacteria	Micrococcales	Microbacteriaceae	Leucobacter	NA
ASV194	Bacteria	Firmicutes	Clostridia	Eubacteriales	Eubacteriaceae	Acetobacterium	NA
ASV195	Bacteria	Bacteroidota	Bacteroidia	Bacteroidales	Prolixibacteraceae	WCHB1-32	NA
ASV196	Bacteria	Proteobacteria	Alphaproteobacteria	Rhodobacterales	Rhodobacteraceae	Paracoccus	NA
ASV197	Bacteria	Planctomycetota	Planctomycetes	Planctomycetales	Rubinisphaeraceae	SH-PL14	NA
ASV198	Bacteria	Firmicutes	Clostridia	Eubacteriales	Eubacteriaceae	Acetobacterium	NA
ASV199	Bacteria	Proteobacteria	Gammaproteobacteria	Enterobacterales	Alteromonadaceae	Rheinheimera	NA
ASV200	Bacteria	Bacteroidota	Bacteroidia	Flavobacteriales	Flavobacteriaceae	Flavobacterium	NA
ASV201	Bacteria	Bacteroidota	Bacteroidia	Flavobacteriales	NS9 marine group	NA	NA
ASV202	Bacteria	Proteobacteria	Gammaproteobacteria	Burkholderiales	Gallionellaceae	Sideroxydans	NA
ASV203	Bacteria	Bacteroidota	Bacteroidia	Chitinophagales	Chitinophagaceae	Rurimicrobium	NA
ASV204	Bacteria	Proteobacteria	Gammaproteobacteria	Pseudomonadales	Pseudomonadaceae	Pseudomonas	NA
ASV205	Bacteria	Proteobacteria	Gammaproteobacteria	Burkholderiales	Comamonadaceae	NA	NA
ASV206	Bacteria	WPS-2	NA	NA	NA	NA	NA
ASV207	Bacteria	Proteobacteria	Alphaproteobacteria	Sphingomonadales	Sphingomonadaceae	Sphingopyxis	NA
ASV208	Bacteria	Proteobacteria	Alphaproteobacteria	Rhizobiales	Devosiaceae	Arsenicitalea	NA
ASV209	Bacteria	Bacteroidota	Bacteroidia	Sphingobacteriales	Sphingobacteriaceae	Pedobacter	NA
ASV210	Bacteria	Bacteroidota	Bacteroidia	Cytophagales	Spirosomaceae	NA	NA
ASV211	Bacteria	Firmicutes	Clostridia	Oscillospirales	Hungateiclostridiaceae	Saccharofermentans	NA
ASV212	Bacteria	Bacteroidota	Bacteroidia	Cytophagales	Spirosomaceae	Dyadobacter	NA
ASV213	Bacteria	Proteobacteria	NA	NA	NA	NA	NA
ASV214	Bacteria	Bacteroidota	Bacteroidia	Bacteroidales	Rikenellaceae	NA	NA
ASV215	Bacteria	Hydrogenedentes	Hydrogenedentia	Hydrogenedentiales	Hydrogenedensaceae	NA	NA
ASV216	Bacteria	Proteobacteria	Gammaproteobacteria	Pseudomonadales	Moraxellaceae	[Agitococcus] lubricus group	NA
ASV217	Bacteria	Proteobacteria	Gammaproteobacteria	Pseudomonadales	Pseudomonadaceae	Pseudomonas	NA
ASV218	Bacteria	Proteobacteria	Alphaproteobacteria	Rhizobiales	Rhizobiaceae	Martelella	NA
ASV219	Bacteria	Bacteroidota	Bacteroidia	Bacteroidales	Paludibacteraceae	Paludibacter	NA
ASV220	Bacteria	Proteobacteria	Gammaproteobacteria	Xanthomonadales	Xanthomonadaceae	Arenimonas	NA
ASV221	Bacteria	Verrucomicrobiota	Verrucomicrobiae	Verrucomicrobiales	Verrucomicrobiaceae	Verrucomicrobium	NA
ASV222	Bacteria	Campylobacterota	Campylobacteria	Campylobacterales	Sulfurospirillaceae	Sulfurospirillum	NA
ASV223	Bacteria	Desulfobacterota	Desulfovibrionia	Desulfovibrionales	Desulfovibrionaceae	Desulfovibrio	NA
ASV224	Bacteria	Proteobacteria	Gammaproteobacteria	Burkholderiales	Comamonadaceae	Rhodoferax	NA
ASV225	Bacteria	Bacteroidota	Bacteroidia	Sphingobacteriales	NS11-12 marine group	NA	NA
ASV226	Bacteria	Proteobacteria	Gammaproteobacteria	Burkholderiales	Aquaspirillaceae	Rivicola	NA
ASV227	Bacteria	Proteobacteria	Alphaproteobacteria	Rhizobiales	Rhizobiaceae	Allorhizobium-Neorhizobium-Pararhizobium-Rhizobium	NA
ASV228	Bacteria	Actinobacteriota	Actinobacteria	Micrococcales	Micrococcaceae	Pseudarthrobacter	NA
ASV229	Bacteria	Sumerlaeota	Sumerlaeia	Sumerlaeales	Sumerlaeaceae	Sumerlaea	NA
ASV230	Bacteria	Firmicutes	Clostridia	Lachnospirales	Lachnospiraceae	NA	NA
ASV231	Bacteria	Proteobacteria	Gammaproteobacteria	Burkholderiales	Comamonadaceae	NA	NA
ASV232	Bacteria	Bacteroidota	Bacteroidia	Flavobacteriales	Flavobacteriaceae	Flavobacterium	NA
ASV233	Bacteria	Bacteroidota	Bacteroidia	Flavobacteriales	Flavobacteriaceae	Flavobacterium	NA
ASV234	Bacteria	Verrucomicrobiota	Verrucomicrobiae	Verrucomicrobiales	Rubritaleaceae	Luteolibacter	NA
ASV235	Bacteria	Proteobacteria	Gammaproteobacteria	Burkholderiales	Comamonadaceae	Limnohabitans	NA
ASV236	Bacteria	Bacteroidota	Kapabacteria	Kapabacteriales	NA	NA	NA
ASV237	Bacteria	Proteobacteria	Gammaproteobacteria	Burkholderiales	Rhodocyclaceae	Propionivibrio	NA
ASV238	Bacteria	Proteobacteria	Alphaproteobacteria	Acetobacterales	Acetobacteraceae	Roseomonas	NA
ASV239	Bacteria	Proteobacteria	Alphaproteobacteria	Caulobacterales	Caulobacteraceae	Brevundimonas	NA
ASV240	Bacteria	Bdellovibrionota	Bdellovibrionia	Bacteriovoracales	Bacteriovoracaceae	Peredibacter	NA
ASV241	Bacteria	Bdellovibrionota	Bdellovibrionia	Bdellovibrionales	Bdellovibrionaceae	Bdellovibrio	NA
ASV242	Bacteria	Actinobacteriota	Actinobacteria	Propionibacteriales	Nocardioidaceae	Aeromicrobium	NA
ASV243	Bacteria	Firmicutes	Clostridia	Peptostreptococcales-Tissierellales	Peptostreptococcaceae	Proteocatella	NA
ASV244	Bacteria	Verrucomicrobiota	Verrucomicrobiae	Verrucomicrobiales	Verrucomicrobiaceae	Prosthecobacter	NA
ASV245	Bacteria	Proteobacteria	Gammaproteobacteria	Legionellales	Legionellaceae	Legionella	NA
ASV246	Bacteria	Proteobacteria	Gammaproteobacteria	Pseudomonadales	Moraxellaceae	Acinetobacter	NA
ASV247	Bacteria	Bacteroidota	Bacteroidia	Sphingobacteriales	Sphingobacteriaceae	Pedobacter	NA
ASV248	Bacteria	Proteobacteria	Gammaproteobacteria	Burkholderiales	Comamonadaceae	Limnohabitans	NA
ASV249	Bacteria	Proteobacteria	Alphaproteobacteria	Rhizobiales	Rhizobiaceae	Shinella	NA
ASV250	Bacteria	Actinobacteriota	Actinobacteria	NA	NA	NA	NA
ASV251	Bacteria	Bacteroidota	Bacteroidia	Sphingobacteriales	Sphingobacteriaceae	Pedobacter	NA
ASV252	Bacteria	Proteobacteria	Gammaproteobacteria	Burkholderiales	Comamonadaceae	Hydrogenophaga	NA
ASV253	Bacteria	Proteobacteria	Gammaproteobacteria	Burkholderiales	Comamonadaceae	Polaromonas	NA
ASV254	Bacteria	Proteobacteria	Alphaproteobacteria	Caulobacterales	Caulobacteraceae	Brevundimonas	NA
ASV255	Bacteria	Desulfobacterota	Desulfobulbia	Desulfobulbales	Desulfobulbaceae	Desulfobulbus	NA
ASV256	Bacteria	Proteobacteria	Alphaproteobacteria	NA	NA	NA	NA
ASV257	Bacteria	Proteobacteria	Gammaproteobacteria	Burkholderiales	Comamonadaceae	NA	NA
ASV258	Bacteria	Proteobacteria	Alphaproteobacteria	Caulobacterales	Caulobacteraceae	Phenylobacterium	NA
ASV259	Bacteria	Proteobacteria	Gammaproteobacteria	Burkholderiales	Methylophilaceae	Methylotenera	NA
ASV260	Bacteria	Proteobacteria	Alphaproteobacteria	Rhodobacterales	Rhodobacteraceae	Paracoccus	NA
ASV261	Bacteria	Bacteroidota	Bacteroidia	Bacteroidales	Tannerellaceae	Macellibacteroides	NA
ASV262	Bacteria	Proteobacteria	Alphaproteobacteria	Rhizobiales	Beijerinckiaceae	Bosea	NA
ASV263	Bacteria	Proteobacteria	Alphaproteobacteria	Rhizobiales	Rhizobiaceae	Allorhizobium-Neorhizobium-Pararhizobium-Rhizobium	NA
ASV264	Bacteria	Bacteroidota	Bacteroidia	Bacteroidales	Paludibacteraceae	Paludibacter	NA
ASV265	Bacteria	Myxococcota	Polyangia	Polyangiales	Sandaracinaceae	Sandaracinus	NA
ASV266	Bacteria	Campylobacterota	Campylobacteria	Campylobacterales	Arcobacteraceae	Pseudarcobacter	NA
ASV267	Bacteria	Actinobacteriota	Actinobacteria	Micrococcales	Microbacteriaceae	Leucobacter	NA
ASV268	Bacteria	Verrucomicrobiota	Verrucomicrobiae	Verrucomicrobiales	Verrucomicrobiaceae	Verrucomicrobium	NA
ASV269	Bacteria	Bacteroidota	Bacteroidia	Bacteroidales	Bacteroidaceae	Bacteroides	NA
ASV270	Bacteria	Proteobacteria	Gammaproteobacteria	Pseudomonadales	Pseudomonadaceae	Pseudomonas	NA
ASV271	Bacteria	Bacteroidota	Bacteroidia	Bacteroidales	Williamwhitmaniaceae	Acetobacteroides	NA
ASV272	Bacteria	Bacteroidota	Bacteroidia	Sphingobacteriales	Sphingobacteriaceae	Pedobacter	NA
ASV273	Bacteria	Armatimonadota	Fimbriimonadia	Fimbriimonadales	Fimbriimonadaceae	Fimbriimonas	NA
ASV274	Bacteria	Bacteroidota	Bacteroidia	Sphingobacteriales	NA	NA	NA
ASV275	Bacteria	Proteobacteria	Gammaproteobacteria	Burkholderiales	Comamonadaceae	Simplicispira	NA
ASV276	Bacteria	Proteobacteria	Gammaproteobacteria	Burkholderiales	Comamonadaceae	Simplicispira	NA
ASV277	Bacteria	Proteobacteria	Alphaproteobacteria	Rhizobiales	Beijerinckiaceae	Chelatococcus	NA
ASV278	Bacteria	Proteobacteria	Gammaproteobacteria	Burkholderiales	Oxalobacteraceae	Undibacterium	NA
ASV279	Bacteria	Bacteroidota	Bacteroidia	Cytophagales	Microscillaceae	NA	NA
ASV280	Bacteria	Proteobacteria	Gammaproteobacteria	Burkholderiales	Comamonadaceae	NA	NA
ASV281	Bacteria	Planctomycetota	Planctomycetes	Pirellulales	Pirellulaceae	Pirellula	NA
ASV282	Bacteria	Proteobacteria	Gammaproteobacteria	Burkholderiales	Chromobacteriaceae	Crenobacter	NA
ASV283	Bacteria	Proteobacteria	Gammaproteobacteria	Burkholderiales	Comamonadaceae	Paucibacter	NA
ASV284	Bacteria	Bacteroidota	Bacteroidia	Chitinophagales	37-13	NA	NA
ASV285	Bacteria	Bacteroidota	Kapabacteria	Kapabacteriales	NA	NA	NA
ASV286	Bacteria	Proteobacteria	Gammaproteobacteria	Burkholderiales	Comamonadaceae	Polaromonas	NA
ASV287	Bacteria	Actinobacteriota	Actinobacteria	Micrococcales	Microbacteriaceae	Leucobacter	NA
ASV288	Bacteria	Firmicutes	Clostridia	Lachnospirales	Lachnospiraceae	NA	NA
ASV289	Bacteria	Verrucomicrobiota	Verrucomicrobiae	Verrucomicrobiales	Verrucomicrobiaceae	Prosthecobacter	NA
ASV290	Bacteria	Bacteroidota	Bacteroidia	Chitinophagales	Saprospiraceae	OLB8	NA
ASV291	Bacteria	Proteobacteria	Alphaproteobacteria	Acetobacterales	Acetobacteraceae	Roseomonas	NA
ASV292	Bacteria	Bdellovibrionota	Bdellovibrionia	Bdellovibrionales	Bdellovibrionaceae	Bdellovibrio	NA
ASV293	Bacteria	Bacteroidota	Bacteroidia	Flavobacteriales	Crocinitomicaceae	Fluviicola	NA
ASV294	Bacteria	Bacteroidota	Bacteroidia	Flavobacteriales	Flavobacteriaceae	Flavobacterium	NA
ASV295	Bacteria	Verrucomicrobiota	Kiritimatiellae	WCHB1-41	NA	NA	NA
ASV296	Bacteria	Bacteroidota	Bacteroidia	Bacteroidales	Paludibacteraceae	Paludibacter	NA
ASV297	Bacteria	Proteobacteria	Alphaproteobacteria	Rhizobiales	Pleomorphomonadaceae	Pleomorphomonas	NA
ASV298	Bacteria	Bacteroidota	Bacteroidia	Bacteroidales	Paludibacteraceae	Paludibacter	NA
ASV299	Bacteria	Planctomycetota	Planctomycetes	Pirellulales	Pirellulaceae	Pirellula	NA
ASV300	Bacteria	Desulfobacterota	Desulfovibrionia	Desulfovibrionales	Desulfovibrionaceae	Desulfovibrio	NA
ASV301	Bacteria	Bacteroidota	Bacteroidia	Sphingobacteriales	Sphingobacteriaceae	Pedobacter	NA
ASV302	Bacteria	Bacteroidota	Bacteroidia	Bacteroidales	Paludibacteraceae	Paludibacter	NA
ASV303	Bacteria	Actinobacteriota	Coriobacteriia	Coriobacteriales	Eggerthellaceae	Enteroscipio	NA
ASV304	Bacteria	Myxococcota	Polyangia	Polyangiales	Phaselicystidaceae	Phaselicystis	NA
ASV305	Bacteria	Bacteroidota	Bacteroidia	Sphingobacteriales	Sphingobacteriaceae	Pedobacter	NA
ASV306	Bacteria	Firmicutes	Clostridia	Eubacteriales	Eubacteriaceae	Acetobacterium	NA
ASV307	Bacteria	Proteobacteria	Alphaproteobacteria	Sphingomonadales	Sphingomonadaceae	Sphingomonas	NA
ASV308	Bacteria	Proteobacteria	Alphaproteobacteria	Rhizobiales	Devosiaceae	Devosia	NA
ASV309	Bacteria	Bdellovibrionota	Bdellovibrionia	Bacteriovoracales	Bacteriovoracaceae	Bacteriovorax	NA
ASV310	Bacteria	Proteobacteria	Gammaproteobacteria	Burkholderiales	Comamonadaceae	Rhodoferax	NA
ASV311	Bacteria	Bacteroidota	Bacteroidia	Flavobacteriales	Weeksellaceae	Chryseobacterium	NA
ASV312	Bacteria	Proteobacteria	Gammaproteobacteria	Pseudomonadales	Pseudomonadaceae	Pseudomonas	NA
ASV313	Bacteria	Bacteroidota	Bacteroidia	Cytophagales	Spirosomaceae	Dyadobacter	NA
ASV314	Bacteria	Proteobacteria	Gammaproteobacteria	Pseudomonadales	Pseudomonadaceae	Pseudomonas	NA
ASV315	Bacteria	Proteobacteria	Alphaproteobacteria	Sphingomonadales	Sphingomonadaceae	Novosphingobium	NA
ASV316	Bacteria	Proteobacteria	Gammaproteobacteria	Pseudomonadales	Moraxellaceae	Cavicella	NA
ASV317	Bacteria	Bacteroidota	Bacteroidia	Bacteroidales	Paludibacteraceae	Paludibacter	NA
ASV318	Bacteria	Bacteroidota	Bacteroidia	Sphingobacteriales	Sphingobacteriaceae	Sphingobacterium	NA
ASV319	Bacteria	Gemmatimonadota	Gemmatimonadetes	Gemmatimonadales	Gemmatimonadaceae	Gemmatimonas	NA
ASV320	Bacteria	Proteobacteria	Alphaproteobacteria	Rhizobiales	Pleomorphomonadaceae	Pleomorphomonas	NA
ASV321	Bacteria	Spirochaetota	MVP-15	NA	NA	NA	NA
ASV322	Bacteria	Proteobacteria	Alphaproteobacteria	Rhodobacterales	Rhodobacteraceae	Pseudorhodobacter	NA
ASV323	Bacteria	Bacteroidota	Bacteroidia	Bacteroidales	Rikenellaceae	Anaerocella	NA
ASV324	Bacteria	Actinobacteriota	Acidimicrobiia	Microtrichales	Microtrichaceae	IMCC26207	NA
ASV325	Bacteria	Bacteroidota	Bacteroidia	Bacteroidetes VC2.1 Bac22	NA	NA	NA
ASV326	Bacteria	Proteobacteria	Gammaproteobacteria	Enterobacterales	Enterobacteriaceae	Buttiauxella	NA
ASV327	Bacteria	Bdellovibrionota	Bdellovibrionia	Bacteriovoracales	Bacteriovoracaceae	Bacteriovorax	NA
ASV328	Bacteria	Bacteroidota	Kapabacteria	Kapabacteriales	NA	NA	NA
ASV330	Bacteria	Proteobacteria	Gammaproteobacteria	Burkholderiales	Comamonadaceae	Rhizobacter	NA
ASV331	Bacteria	Bacteroidota	Bacteroidia	Bacteroidales	Paludibacteraceae	Paludibacter	NA
ASV332	Bacteria	Verrucomicrobiota	Verrucomicrobiae	Opitutales	Opitutaceae	Lacunisphaera	NA
ASV333	Bacteria	Actinobacteriota	Acidimicrobiia	Microtrichales	Microtrichaceae	IMCC26207	NA
ASV334	Bacteria	Proteobacteria	Alphaproteobacteria	Caulobacterales	Hyphomonadaceae	Hirschia	NA
ASV335	Bacteria	Proteobacteria	Gammaproteobacteria	Pseudomonadales	Moraxellaceae	NA	NA
ASV336	Bacteria	Proteobacteria	Gammaproteobacteria	Xanthomonadales	Xanthomonadaceae	Thermomonas	NA
ASV337	Bacteria	Proteobacteria	Gammaproteobacteria	Pseudomonadales	Pseudomonadaceae	Pseudomonas	NA
ASV338	Bacteria	Bacteroidota	Bacteroidia	NA	NA	NA	NA
ASV339	Bacteria	Bacteroidota	Bacteroidia	Bacteroidales	Paludibacteraceae	Paludibacter	NA
ASV340	Bacteria	Verrucomicrobiota	Kiritimatiellae	WCHB1-41	NA	NA	NA
ASV341	Bacteria	Proteobacteria	Alphaproteobacteria	Rhizobiales	Rhizobiaceae	Mesorhizobium	NA
ASV342	Bacteria	Proteobacteria	Gammaproteobacteria	Burkholderiales	Comamonadaceae	NA	NA
ASV343	Bacteria	Firmicutes	Clostridia	Gracilibacteraceae	NA	NA	NA
ASV344	Bacteria	Proteobacteria	Alphaproteobacteria	Rhizobiales	Rhizobiaceae	Neorhizobium	NA
ASV345	Bacteria	Firmicutes	Negativicutes	Acidaminococcales	Acidaminococcaceae	Acidaminococcus	NA
ASV346	Bacteria	Proteobacteria	Alphaproteobacteria	Reyranellales	Reyranellaceae	Reyranella	NA
ASV347	Bacteria	Proteobacteria	Gammaproteobacteria	Enterobacterales	Enterobacteriaceae	Citrobacter	NA
ASV348	Bacteria	Myxococcota	Polyangia	Polyangiales	Sandaracinaceae	NA	NA
ASV349	Bacteria	Proteobacteria	Gammaproteobacteria	Burkholderiales	Rhodocyclaceae	Zoogloea	NA
ASV350	Bacteria	Proteobacteria	Alphaproteobacteria	Rhizobiales	Rhizobiaceae	Martelella	NA
ASV351	Bacteria	Bacteroidota	Bacteroidia	Cytophagales	Spirosomaceae	Dyadobacter	NA
ASV352	Bacteria	Proteobacteria	Alphaproteobacteria	Rhizobiales	Rhizobiaceae	NA	NA
ASV353	Bacteria	Proteobacteria	Gammaproteobacteria	Enterobacterales	Alteromonadaceae	Alishewanella	NA
ASV354	Bacteria	Bacteroidota	Bacteroidia	Flavobacteriales	Flavobacteriaceae	Flavobacterium	NA
ASV355	Bacteria	Bdellovibrionota	Bdellovibrionia	Bdellovibrionales	Bdellovibrionaceae	Bdellovibrio	NA
ASV356	Bacteria	Proteobacteria	Gammaproteobacteria	Enterobacterales	Yersiniaceae	Yersinia	NA
ASV357	Bacteria	Desulfobacterota	Desulfobulbia	Desulfobulbales	Desulfobulbaceae	Desulfobulbus	NA
ASV358	Bacteria	Myxococcota	Polyangia	Polyangiales	Polyangiaceae	Pajaroellobacter	NA
ASV359	Bacteria	Proteobacteria	Gammaproteobacteria	Legionellales	Legionellaceae	Legionella	NA
ASV360	Bacteria	Bdellovibrionota	Bdellovibrionia	Bacteriovoracales	Bacteriovoracaceae	Peredibacter	NA
ASV361	Bacteria	Bacteroidota	Bacteroidia	Chitinophagales	NA	NA	NA
ASV362	Bacteria	Gemmatimonadota	Gemmatimonadetes	Gemmatimonadales	Gemmatimonadaceae	Gemmatimonas	NA
ASV363	Bacteria	Proteobacteria	Alphaproteobacteria	Rhodobacterales	Rhodobacteraceae	Paracoccus	NA
ASV364	Bacteria	Actinobacteriota	Thermoleophilia	Gaiellales	NA	NA	NA
ASV365	Bacteria	Proteobacteria	Alphaproteobacteria	Sphingomonadales	Sphingomonadaceae	Sphingobium	NA
ASV366	Bacteria	Actinobacteriota	Actinobacteria	Corynebacteriales	Nocardiaceae	Rhodococcus	NA
ASV367	Bacteria	Proteobacteria	Gammaproteobacteria	Burkholderiales	Alcaligenaceae	GKS98 freshwater group	NA
ASV368	Bacteria	Proteobacteria	Gammaproteobacteria	Burkholderiales	Methylophilaceae	Methylotenera	NA
ASV369	Bacteria	Bacteroidota	Bacteroidia	Flavobacteriales	Crocinitomicaceae	Fluviicola	NA
ASV370	Bacteria	Proteobacteria	Alphaproteobacteria	Acetobacterales	Acetobacteraceae	Roseomonas	NA
ASV371	Bacteria	Firmicutes	Clostridia	Peptostreptococcales-Tissierellales	Fusibacteraceae	Fusibacter	NA
ASV372	Bacteria	Planctomycetota	Planctomycetes	Isosphaerales	Isosphaeraceae	Paludisphaera	NA
ASV373	Bacteria	Bacteroidota	Bacteroidia	Chitinophagales	Chitinophagaceae	Taibaiella	NA
ASV374	Bacteria	Synergistota	Synergistia	Synergistales	Synergistaceae	NA	NA
ASV375	Bacteria	Bdellovibrionota	Bdellovibrionia	Bacteriovoracales	Bacteriovoracaceae	Bacteriovorax	NA
ASV376	Bacteria	Actinobacteriota	Actinobacteria	Micrococcales	Microbacteriaceae	Leucobacter	NA
ASV377	Bacteria	Actinobacteriota	Actinobacteria	Micrococcales	Microbacteriaceae	Leucobacter	NA
ASV378	Bacteria	Proteobacteria	Alphaproteobacteria	Caulobacterales	Caulobacteraceae	Caulobacter	NA
ASV379	Bacteria	Verrucomicrobiota	Verrucomicrobiae	Verrucomicrobiales	Rubritaleaceae	Luteolibacter	NA
ASV380	Bacteria	Bdellovibrionota	Bdellovibrionia	Bacteriovoracales	Bacteriovoracaceae	Bacteriovorax	NA
ASV381	Bacteria	Firmicutes	Clostridia	Peptostreptococcales-Tissierellales	Anaerovoracaceae	Anaerovorax	NA
ASV382	Bacteria	Firmicutes	Bacilli	Lactobacillales	Streptococcaceae	Streptococcus	NA
ASV383	Bacteria	Proteobacteria	Gammaproteobacteria	Burkholderiales	Comamonadaceae	Simplicispira	NA
ASV384	Bacteria	Proteobacteria	Gammaproteobacteria	Burkholderiales	Alcaligenaceae	Achromobacter	NA
ASV385	Bacteria	Verrucomicrobiota	Verrucomicrobiae	Opitutales	Opitutaceae	Lacunisphaera	NA
ASV386	Bacteria	Proteobacteria	Gammaproteobacteria	Burkholderiales	Comamonadaceae	Rhodoferax	NA
ASV387	Bacteria	Proteobacteria	Alphaproteobacteria	Rhizobiales	Rhizobiaceae	Pseudochrobactrum	NA
ASV388	Bacteria	Verrucomicrobiota	Verrucomicrobiae	Verrucomicrobiales	Rubritaleaceae	Luteolibacter	NA
ASV389	Bacteria	Myxococcota	Myxococcia	Myxococcales	Myxococcaceae	P3OB-42	NA
ASV390	Bacteria	Firmicutes	Clostridia	Eubacteriales	Eubacteriaceae	Acetobacterium	NA
ASV391	Bacteria	Proteobacteria	Gammaproteobacteria	Burkholderiales	Alcaligenaceae	NA	NA
ASV392	Bacteria	Bacteroidota	Bacteroidia	Bacteroidales	Paludibacteraceae	Paludibacter	NA
ASV393	Bacteria	Proteobacteria	Alphaproteobacteria	Rhodobacterales	Rhodobacteraceae	NA	NA
ASV394	Bacteria	Planctomycetota	Planctomycetes	Isosphaerales	Isosphaeraceae	Paludisphaera	NA
ASV395	Bacteria	Bacteroidota	Bacteroidia	Flavobacteriales	Flavobacteriaceae	Flavobacterium	NA
ASV396	Bacteria	Proteobacteria	Alphaproteobacteria	Rhizobiales	Rhizobiaceae	Aminobacter	NA
ASV397	Bacteria	Bacteroidota	Bacteroidia	Cytophagales	Spirosomaceae	Dyadobacter	NA
ASV398	Bacteria	Proteobacteria	Alphaproteobacteria	Caulobacterales	Caulobacteraceae	Brevundimonas	NA
ASV399	Bacteria	Bacteroidota	Bacteroidia	Bacteroidales	Prolixibacteraceae	BSV13	NA
ASV400	Bacteria	Verrucomicrobiota	Verrucomicrobiae	Chthoniobacterales	Terrimicrobiaceae	Terrimicrobium	NA
ASV401	Bacteria	Firmicutes	Negativicutes	Veillonellales-Selenomonadales	Sporomusaceae	NA	NA
ASV402	Bacteria	Proteobacteria	Alphaproteobacteria	Acetobacterales	Acetobacteraceae	Roseomonas	NA
ASV403	Bacteria	Proteobacteria	Gammaproteobacteria	Burkholderiales	Rhodocyclaceae	Thauera	NA
ASV404	Bacteria	Bacteroidota	Bacteroidia	Cytophagales	Spirosomaceae	Persicitalea	NA
ASV405	Bacteria	Actinobacteriota	Actinobacteria	Micrococcales	Microbacteriaceae	Microbacterium	NA
ASV406	Bacteria	Proteobacteria	Gammaproteobacteria	Xanthomonadales	Xanthomonadaceae	Pseudoxanthomonas	NA
ASV407	Bacteria	Proteobacteria	Alphaproteobacteria	Defluviicoccales	NA	NA	NA
ASV408	Bacteria	Proteobacteria	Gammaproteobacteria	Xanthomonadales	Xanthomonadaceae	Silanimonas	NA
ASV409	Bacteria	Planctomycetota	Planctomycetes	Planctomycetales	Rubinisphaeraceae	Planctomicrobium	NA
ASV410	Bacteria	Bacteroidota	Bacteroidia	Sphingobacteriales	Sphingobacteriaceae	Solitalea	NA
ASV411	Bacteria	Bacteroidota	Bacteroidia	Flavobacteriales	Crocinitomicaceae	Fluviicola	NA
ASV412	Bacteria	Desulfobacterota	Desulfobulbia	Desulfobulbales	Desulfobulbaceae	Desulfobulbus	NA
ASV413	Bacteria	Proteobacteria	Gammaproteobacteria	Burkholderiales	Comamonadaceae	Giesbergeria	NA
ASV414	Bacteria	Proteobacteria	Gammaproteobacteria	Burkholderiales	Methylophilaceae	Methylotenera	NA
ASV415	Bacteria	Bacteroidota	Kapabacteria	Kapabacteriales	NA	NA	NA
ASV416	Bacteria	Bacteroidota	Bacteroidia	Bacteroidales	Williamwhitmaniaceae	Williamwhitmania	NA
ASV417	Bacteria	Proteobacteria	Gammaproteobacteria	Burkholderiales	Comamonadaceae	Comamonas	NA
ASV418	Bacteria	Campylobacterota	Campylobacteria	Campylobacterales	Arcobacteraceae	Pseudarcobacter	NA
ASV419	Bacteria	Proteobacteria	Gammaproteobacteria	Enterobacterales	Alteromonadaceae	Alishewanella	NA
ASV420	Bacteria	Proteobacteria	Gammaproteobacteria	Burkholderiales	Comamonadaceae	Inhella	NA
ASV421	Bacteria	Proteobacteria	Alphaproteobacteria	Rhodobacterales	Rhodobacteraceae	Paracoccus	NA
ASV422	Bacteria	Cyanobacteria	Sericytochromatia	NA	NA	NA	NA
ASV423	Bacteria	Bacteroidota	Bacteroidia	Chitinophagales	37-13	NA	NA
ASV424	Bacteria	Proteobacteria	Alphaproteobacteria	Sphingomonadales	Sphingomonadaceae	Sphingopyxis	NA
ASV425	Bacteria	Myxococcota	Polyangia	Polyangiales	Phaselicystidaceae	Phaselicystis	NA
ASV426	Bacteria	Bacteroidota	Bacteroidia	Bacteroidales	Paludibacteraceae	NA	NA
ASV427	Bacteria	Bacteroidota	Kapabacteria	Kapabacteriales	NA	NA	NA
ASV428	Bacteria	Proteobacteria	Alphaproteobacteria	Rhodobacterales	Rhodobacteraceae	Paracoccus	NA
ASV429	Bacteria	Bacteroidota	Bacteroidia	Flavobacteriales	Crocinitomicaceae	Fluviicola	NA
ASV430	Bacteria	Proteobacteria	Alphaproteobacteria	Rhizobiales	Devosiaceae	Devosia	NA
ASV431	Bacteria	Firmicutes	NA	NA	NA	NA	NA
ASV432	Bacteria	Proteobacteria	Alphaproteobacteria	Rhizobiales	Rhizobiaceae	Shinella	NA
ASV433	Bacteria	Bdellovibrionota	Bdellovibrionia	Bdellovibrionales	Bdellovibrionaceae	Bdellovibrio	NA
ASV434	Bacteria	Proteobacteria	Gammaproteobacteria	Burkholderiales	Rhodocyclaceae	Methyloversatilis	NA
ASV435	Bacteria	Proteobacteria	Alphaproteobacteria	Parvibaculales	Parvibaculaceae	Parvibaculum	NA
ASV436	Bacteria	Proteobacteria	Alphaproteobacteria	Rhizobiales	Xanthobacteraceae	NA	NA
ASV437	Bacteria	Firmicutes	BRH-c20a	NA	NA	NA	NA
ASV438	Bacteria	Bacteroidota	Bacteroidia	Cytophagales	Spirosomaceae	Leadbetterella	NA
ASV439	Bacteria	Bacteroidota	Bacteroidia	Sphingobacteriales	Sphingobacteriaceae	Sphingobacterium	NA
ASV440	Bacteria	Verrucomicrobiota	Verrucomicrobiae	Verrucomicrobiales	Verrucomicrobiaceae	NA	NA
ASV441	Bacteria	Proteobacteria	Gammaproteobacteria	Burkholderiales	Oxalobacteraceae	Rugamonas	NA
ASV442	Bacteria	Bacteroidota	Bacteroidia	Bacteroidales	Prolixibacteraceae	BSV13	NA
ASV443	Bacteria	Cyanobacteria	Sericytochromatia	NA	NA	NA	NA
ASV444	Bacteria	Proteobacteria	Alphaproteobacteria	Rhodobacterales	Rhodobacteraceae	Pseudorhodobacter	NA
ASV445	Bacteria	Bdellovibrionota	Bdellovibrionia	Bdellovibrionales	Bdellovibrionaceae	Bdellovibrio	NA
ASV446	Bacteria	Proteobacteria	Alphaproteobacteria	Caulobacterales	Caulobacteraceae	Brevundimonas	NA
ASV447	Bacteria	Firmicutes	Clostridia	Christensenellales	Christensenellaceae	NA	NA
ASV448	Bacteria	Proteobacteria	Gammaproteobacteria	Burkholderiales	Comamonadaceae	NA	NA
ASV449	Bacteria	Verrucomicrobiota	Verrucomicrobiae	Verrucomicrobiales	Verrucomicrobiaceae	Prosthecobacter	NA
ASV450	Bacteria	Planctomycetota	Planctomycetes	Planctomycetales	Rubinisphaeraceae	Planctomicrobium	NA
ASV451	Bacteria	Campylobacterota	Campylobacteria	Campylobacterales	Arcobacteraceae	Pseudarcobacter	NA
ASV452	Bacteria	Bdellovibrionota	Bdellovibrionia	Bdellovibrionales	Bdellovibrionaceae	Bdellovibrio	NA
ASV453	Bacteria	Bacteroidota	Kapabacteria	Kapabacteriales	NA	NA	NA
ASV454	Bacteria	Proteobacteria	Alphaproteobacteria	Rhodobacterales	Rhodobacteraceae	Gemmobacter	NA
ASV455	Bacteria	Proteobacteria	Alphaproteobacteria	Sphingomonadales	Sphingomonadaceae	Sphingopyxis	NA
ASV456	Bacteria	Proteobacteria	Alphaproteobacteria	Rhodobacterales	Rhodobacteraceae	Paracoccus	NA
ASV457	Bacteria	Bacteroidota	Kapabacteria	Kapabacteriales	NA	NA	NA
ASV458	Bacteria	Proteobacteria	Alphaproteobacteria	Rhodobacterales	Rhodobacteraceae	Gemmobacter	NA
ASV459	Bacteria	Proteobacteria	Alphaproteobacteria	Rhodobacterales	Rhodobacteraceae	Falsirhodobacter	NA
ASV460	Bacteria	Actinobacteriota	Coriobacteriia	Coriobacteriales	Eggerthellaceae	Eggerthella	NA
ASV461	Bacteria	Planctomycetota	Planctomycetes	Planctomycetales	Rubinisphaeraceae	Planctomicrobium	NA
ASV462	Bacteria	Bacteroidota	Bacteroidia	Flavobacteriales	Crocinitomicaceae	Fluviicola	NA
ASV463	Bacteria	Planctomycetota	Planctomycetes	Isosphaerales	Isosphaeraceae	Paludisphaera	NA
ASV464	Bacteria	Proteobacteria	Alphaproteobacteria	Rhizobiales	Rhizobiaceae	NA	NA
ASV465	Bacteria	Bdellovibrionota	Bdellovibrionia	Bdellovibrionales	Bdellovibrionaceae	Bdellovibrio	NA
ASV466	Bacteria	Proteobacteria	Alphaproteobacteria	Rhizobiales	Beijerinckiaceae	Camelimonas	NA
ASV467	Bacteria	Proteobacteria	Gammaproteobacteria	Burkholderiales	Comamonadaceae	Hydrogenophaga	NA
ASV468	Bacteria	Planctomycetota	Planctomycetes	Planctomycetales	Rubinisphaeraceae	Planctomicrobium	NA
ASV469	Bacteria	Verrucomicrobiota	Kiritimatiellae	WCHB1-41	NA	NA	NA
ASV470	Bacteria	Bdellovibrionota	Bdellovibrionia	Bdellovibrionales	Bdellovibrionaceae	Bdellovibrio	NA
ASV471	Bacteria	Proteobacteria	Gammaproteobacteria	Burkholderiales	Rhodocyclaceae	Dechlorosoma	NA
ASV473	Bacteria	Proteobacteria	Alphaproteobacteria	Rhizobiales	Rhizobiaceae	NA	NA
ASV474	Bacteria	Proteobacteria	Alphaproteobacteria	Rhodospirillales	NA	NA	NA
ASV475	Bacteria	Proteobacteria	Gammaproteobacteria	Burkholderiales	Comamonadaceae	Acidovorax	NA
ASV476	Bacteria	Proteobacteria	Alphaproteobacteria	Rhizobiales	Rhizobiaceae	Shinella	NA
ASV477	Bacteria	Proteobacteria	Gammaproteobacteria	Pseudomonadales	Pseudomonadaceae	Pseudomonas	NA
ASV478	Bacteria	Proteobacteria	Gammaproteobacteria	Pseudomonadales	Pseudomonadaceae	Pseudomonas	NA
ASV479	Bacteria	Verrucomicrobiota	Verrucomicrobiae	Chthoniobacterales	Terrimicrobiaceae	Terrimicrobium	NA
ASV480	Bacteria	Bdellovibrionota	Bdellovibrionia	Bdellovibrionales	Bdellovibrionaceae	Bdellovibrio	NA
ASV481	Bacteria	Bacteroidota	Bacteroidia	Sphingobacteriales	Lentimicrobiaceae	Lentimicrobium	NA
ASV482	Bacteria	Patescibacteria	Berkelbacteria	NA	NA	NA	NA
ASV483	Bacteria	Proteobacteria	Gammaproteobacteria	Burkholderiales	Comamonadaceae	Ramlibacter	NA
ASV484	Bacteria	Bacteroidota	Bacteroidia	Bacteroidales	Williamwhitmaniaceae	Williamwhitmania	NA
ASV485	Bacteria	Bacteroidota	Bacteroidia	Chitinophagales	Chitinophagaceae	Sediminibacterium	NA
ASV486	Bacteria	Proteobacteria	Gammaproteobacteria	Burkholderiales	Oxalobacteraceae	Janthinobacterium	NA
ASV487	Bacteria	Proteobacteria	Alphaproteobacteria	Rhodobacterales	Rhodobacteraceae	Tabrizicola	NA
ASV488	Bacteria	Firmicutes	Clostridia	Peptostreptococcales-Tissierellales	Anaerovoracaceae	NA	NA
ASV489	Bacteria	Proteobacteria	Alphaproteobacteria	Rhizobiales	Rhizobiaceae	Allorhizobium-Neorhizobium-Pararhizobium-Rhizobium	NA
ASV490	Bacteria	Proteobacteria	Gammaproteobacteria	Burkholderiales	Comamonadaceae	NA	NA
ASV491	Bacteria	Proteobacteria	Gammaproteobacteria	Burkholderiales	Alcaligenaceae	NA	NA
ASV492	Bacteria	Verrucomicrobiota	Verrucomicrobiae	Verrucomicrobiales	Verrucomicrobiaceae	NA	NA
ASV493	Bacteria	Firmicutes	Clostridia	Christensenellales	Christensenellaceae	NA	NA
ASV494	Bacteria	Bacteroidota	Bacteroidia	Bacteroidales	Rikenellaceae	Anaerocella	NA
ASV495	Bacteria	Proteobacteria	Alphaproteobacteria	Acetobacterales	Acetobacteraceae	Roseococcus	NA
ASV496	Bacteria	Proteobacteria	Alphaproteobacteria	Micavibrionales	NA	NA	NA
ASV497	Bacteria	Bdellovibrionota	Oligoflexia	Oligoflexales	Oligoflexaceae	NA	NA
ASV498	Bacteria	Proteobacteria	Alphaproteobacteria	Rhizobiales	Xanthobacteraceae	Xanthobacter	NA
ASV499	Bacteria	Proteobacteria	Gammaproteobacteria	Pseudomonadales	Pseudomonadaceae	Pseudomonas	NA
ASV500	Bacteria	Proteobacteria	Gammaproteobacteria	Pseudomonadales	Pseudomonadaceae	Pseudomonas	NA
ASV501	Bacteria	Bdellovibrionota	Oligoflexia	0319-6G20	NA	NA	NA
ASV502	Bacteria	Bdellovibrionota	Bdellovibrionia	Bacteriovoracales	Bacteriovoracaceae	Bacteriovorax	NA
ASV503	Bacteria	Bacteroidota	Bacteroidia	Flavobacteriales	Flavobacteriaceae	Flavobacterium	NA
ASV504	Bacteria	Proteobacteria	Gammaproteobacteria	Burkholderiales	Comamonadaceae	NA	NA
ASV505	Bacteria	Actinobacteriota	Actinobacteria	Micrococcales	Microbacteriaceae	Leucobacter	NA
ASV506	Bacteria	Firmicutes	Clostridia	Oscillospirales	Oscillospiraceae	NK4A214 group	NA
ASV507	Bacteria	Bacteroidota	Bacteroidia	Bacteroidales	Paludibacteraceae	Paludibacter	NA
ASV508	Bacteria	Proteobacteria	Alphaproteobacteria	Sphingomonadales	Sphingomonadaceae	Sphingopyxis	NA
ASV509	Bacteria	Spirochaetota	Spirochaetia	Spirochaetales	Spirochaetaceae	NA	NA
ASV510	Bacteria	Bacteroidota	Bacteroidia	Bacteroidales	Williamwhitmaniaceae	Acetobacteroides	NA
ASV511	Bacteria	Proteobacteria	Alphaproteobacteria	Rhizobiales	Rhizobiaceae	Allorhizobium-Neorhizobium-Pararhizobium-Rhizobium	NA
ASV512	Bacteria	Acidobacteriota	Holophagae	Holophagales	Holophagaceae	NA	NA
ASV513	Bacteria	Proteobacteria	Alphaproteobacteria	Sphingomonadales	Sphingomonadaceae	Sphingopyxis	NA
ASV514	Bacteria	Proteobacteria	Gammaproteobacteria	Burkholderiales	Rhodocyclaceae	Dechloromonas	NA
ASV515	Bacteria	Proteobacteria	Alphaproteobacteria	Rhizobiales	Rhizobiaceae	Pseudochrobactrum	NA
ASV516	Bacteria	Firmicutes	Clostridia	Christensenellales	Christensenellaceae	NA	NA
ASV517	Bacteria	Proteobacteria	Alphaproteobacteria	Rickettsiales	NA	NA	NA
ASV518	Bacteria	Proteobacteria	Alphaproteobacteria	Rhizobiales	Devosiaceae	Devosia	NA
ASV519	Bacteria	Proteobacteria	Gammaproteobacteria	Pseudomonadales	Halomonadaceae	Halomonas	NA
ASV520	Bacteria	Verrucomicrobiota	Verrucomicrobiae	Chthoniobacterales	Chthoniobacteraceae	LD29	NA
ASV521	Bacteria	Bacteroidota	Bacteroidia	Flavobacteriales	Weeksellaceae	Soonwooa	NA
ASV522	Bacteria	Proteobacteria	Alphaproteobacteria	Micavibrionales	NA	NA	NA
ASV523	Bacteria	Bacteroidota	Bacteroidia	Sphingobacteriales	NS11-12 marine group	NA	NA
ASV524	Bacteria	Bacteroidota	Bacteroidia	Sphingobacteriales	Sphingobacteriaceae	Nubsella	NA
ASV525	Bacteria	Proteobacteria	Gammaproteobacteria	Burkholderiales	Rhodocyclaceae	Ferribacterium	NA
ASV526	Bacteria	Bacteroidota	Bacteroidia	Flavobacteriales	Flavobacteriaceae	Flavobacterium	NA
ASV527	Bacteria	Actinobacteriota	Actinobacteria	Propionibacteriales	Nocardioidaceae	Aeromicrobium	NA
ASV528	Bacteria	Bacteroidota	Bacteroidia	Flavobacteriales	Flavobacteriaceae	Flavobacterium	NA
ASV529	Bacteria	Proteobacteria	Gammaproteobacteria	Burkholderiales	Comamonadaceae	Polaromonas	NA
ASV530	Bacteria	Proteobacteria	Gammaproteobacteria	Burkholderiales	Burkholderiaceae	Burkholderia-Caballeronia-Paraburkholderia	NA
ASV531	Bacteria	Actinobacteriota	Actinobacteria	Micrococcales	Cellulomonadaceae	Cellulomonas	NA
ASV532	Bacteria	Proteobacteria	Alphaproteobacteria	Rhizobiales	Xanthobacteraceae	NA	NA
ASV533	Bacteria	Proteobacteria	Gammaproteobacteria	Burkholderiales	Comamonadaceae	Comamonas	NA
ASV534	Bacteria	Patescibacteria	Saccharimonadia	Saccharimonadales	Saccharimonadaceae	TM7a	NA
ASV535	Bacteria	Bdellovibrionota	Oligoflexia	0319-6G20	NA	NA	NA
ASV536	Bacteria	Firmicutes	Clostridia	Peptostreptococcales-Tissierellales	Anaerovoracaceae	Anaerovorax	NA
ASV537	Bacteria	Spirochaetota	Leptospirae	Leptospirales	Leptospiraceae	RBG-16-49-21	NA
ASV538	Bacteria	Bacteroidota	Bacteroidia	Bacteroidales	Prolixibacteraceae	BSV13	NA
ASV540	Bacteria	Bacteroidota	Bacteroidia	Chitinophagales	Chitinophagaceae	Edaphobaculum	NA
ASV542	Bacteria	Desulfobacterota	Desulfuromonadia	Bradymonadales	NA	NA	NA
ASV543	Bacteria	Proteobacteria	Gammaproteobacteria	Pseudomonadales	Pseudomonadaceae	Pseudomonas	NA
ASV544	Bacteria	Actinobacteriota	Actinobacteria	Micrococcales	Microbacteriaceae	Leucobacter	NA
ASV545	Bacteria	Proteobacteria	Gammaproteobacteria	Burkholderiales	Alcaligenaceae	GKS98 freshwater group	NA
ASV546	Bacteria	Firmicutes	Bacilli	Paenibacillales	Paenibacillaceae	Paenibacillus	NA
ASV547	Bacteria	Firmicutes	Bacilli	Paenibacillales	Paenibacillaceae	Paenibacillus	NA
ASV548	Bacteria	Bacteroidota	Bacteroidia	Bacteroidales	Prolixibacteraceae	WCHB1-32	NA
ASV549	Bacteria	Firmicutes	Desulfitobacteriia	Desulfitobacteriales	TC1	NA	NA
ASV550	Bacteria	Proteobacteria	Gammaproteobacteria	Burkholderiales	Comamonadaceae	Rhodoferax	NA
ASV551	Bacteria	Bacteroidota	Bacteroidia	Cytophagales	Spirosomaceae	Runella	NA
ASV552	Bacteria	Actinobacteriota	Actinobacteria	Micrococcales	Microbacteriaceae	Leucobacter	NA
ASV553	Bacteria	Proteobacteria	Alphaproteobacteria	Rhodobacterales	Rhodobacteraceae	NA	NA
ASV554	Bacteria	Proteobacteria	Gammaproteobacteria	Burkholderiales	Comamonadaceae	Caenimonas	NA
ASV555	Bacteria	Bacteroidota	Kapabacteria	Kapabacteriales	NA	NA	NA
ASV556	Bacteria	Planctomycetota	Planctomycetes	Isosphaerales	Isosphaeraceae	NA	NA
ASV557	Bacteria	Proteobacteria	Gammaproteobacteria	Burkholderiales	Oxalobacteraceae	Rugamonas	NA
ASV558	Bacteria	Firmicutes	Clostridia	Peptostreptococcales-Tissierellales	Peptostreptococcaceae	Proteocatella	NA
ASV559	Bacteria	Proteobacteria	Alphaproteobacteria	Caulobacterales	Caulobacteraceae	Caulobacter	NA
ASV560	Bacteria	Bacteroidota	Bacteroidia	Chitinophagales	37-13	NA	NA
ASV561	Bacteria	Actinobacteriota	Actinobacteria	Micrococcales	Microbacteriaceae	NA	NA
ASV562	Bacteria	Proteobacteria	Alphaproteobacteria	Rhizobiales	Beijerinckiaceae	Bosea	NA
ASV563	Bacteria	Proteobacteria	Alphaproteobacteria	Rhizobiales	Beijerinckiaceae	28-YEA-48	NA
ASV564	Bacteria	Proteobacteria	Alphaproteobacteria	Caulobacterales	Caulobacteraceae	Caulobacter	NA
ASV565	Bacteria	Proteobacteria	Gammaproteobacteria	Pseudomonadales	NA	NA	NA
ASV566	Bacteria	Proteobacteria	Gammaproteobacteria	Burkholderiales	Rhodocyclaceae	Dechloromonas	NA
ASV567	Bacteria	Bacteroidota	Kapabacteria	Kapabacteriales	NA	NA	NA
ASV568	Bacteria	Bacteroidota	Bacteroidia	Sphingobacteriales	NS11-12 marine group	NA	NA
ASV569	Bacteria	Bacteroidota	Bacteroidia	Flavobacteriales	Flavobacteriaceae	Flavobacterium	NA
ASV570	Bacteria	Planctomycetota	Planctomycetes	Planctomycetales	Schlesneriaceae	Planctopirus	NA
ASV571	Bacteria	Bacteroidota	Bacteroidia	Bacteroidales	Rikenellaceae	Bact-08	NA
ASV572	Bacteria	Bacteroidota	Bacteroidia	Chitinophagales	Chitinophagaceae	Parasegetibacter	NA
ASV573	Bacteria	Proteobacteria	Alphaproteobacteria	Zavarziniales	Zavarziniaceae	Zavarzinia	NA
ASV574	Bacteria	Proteobacteria	Gammaproteobacteria	Pseudomonadales	Pseudomonadaceae	Pseudomonas	NA
ASV575	Bacteria	Actinobacteriota	Actinobacteria	Micrococcales	Microbacteriaceae	Frondihabitans	NA
ASV576	Bacteria	Verrucomicrobiota	Verrucomicrobiae	Verrucomicrobiales	Verrucomicrobiaceae	Prosthecobacter	NA
ASV577	Bacteria	Proteobacteria	Gammaproteobacteria	Enterobacterales	Aeromonadaceae	Aeromonas	NA
ASV578	Bacteria	Bacteroidota	Bacteroidia	Bacteroidales	Paludibacteraceae	Paludibacter	NA
ASV579	Bacteria	Bacteroidota	Bacteroidia	Chitinophagales	Chitinophagaceae	Edaphobaculum	NA
ASV580	Bacteria	Bacteroidota	Bacteroidia	Sphingobacteriales	env.OPS 17	NA	NA
ASV581	Bacteria	Proteobacteria	Alphaproteobacteria	Micropepsales	Micropepsaceae	NA	NA
ASV582	Bacteria	Proteobacteria	Alphaproteobacteria	Rhodobacterales	Rhodobacteraceae	Pseudorhodobacter	NA
ASV583	Bacteria	Proteobacteria	Alphaproteobacteria	Rhizobiales	Rhizobiaceae	Aminobacter	NA
ASV584	Bacteria	Proteobacteria	Alphaproteobacteria	Caulobacterales	Hyphomonadaceae	Hirschia	NA
ASV585	Bacteria	Bacteroidota	Bacteroidia	Chitinophagales	NA	NA	NA
ASV586	Bacteria	Proteobacteria	Alphaproteobacteria	Rhizobiales	Beijerinckiaceae	Bosea	NA
ASV587	Bacteria	Bacteroidota	Bacteroidia	Flavobacteriales	Flavobacteriaceae	Flavobacterium	NA
ASV588	Bacteria	Synergistota	Synergistia	Synergistales	Synergistaceae	NA	NA
ASV589	Bacteria	Proteobacteria	Gammaproteobacteria	Burkholderiales	Comamonadaceae	Rhodoferax	NA
ASV590	Bacteria	Proteobacteria	Gammaproteobacteria	Xanthomonadales	Xanthomonadaceae	Arenimonas	NA
ASV591	Bacteria	Spirochaetota	MVP-15	NA	NA	NA	NA
ASV592	Bacteria	Proteobacteria	Gammaproteobacteria	Pseudomonadales	Pseudomonadaceae	Pseudomonas	NA
ASV593	Bacteria	Bacteroidota	Bacteroidia	Flavobacteriales	Weeksellaceae	Soonwooa	NA
ASV594	Bacteria	Proteobacteria	Alphaproteobacteria	Rhodospirillales	NA	NA	NA
ASV595	Bacteria	Bacteroidota	Bacteroidia	Chitinophagales	Saprospiraceae	NA	NA
ASV596	Bacteria	Actinobacteriota	Actinobacteria	Micrococcales	Microbacteriaceae	Leucobacter	NA
ASV597	Bacteria	Spirochaetota	Spirochaetia	Spirochaetales	Spirochaetaceae	NA	NA
ASV598	Bacteria	Synergistota	Synergistia	Synergistales	Synergistaceae	NA	NA
ASV599	Bacteria	Planctomycetota	Planctomycetes	Pirellulales	Pirellulaceae	Rhodopirellula	NA
ASV600	Bacteria	Proteobacteria	Alphaproteobacteria	Sphingomonadales	Sphingomonadaceae	Plot4-2H12	NA
ASV601	Bacteria	Bacteroidota	Bacteroidia	Cytophagales	Spirosomaceae	Dyadobacter	NA
ASV602	Bacteria	Actinobacteriota	Actinobacteria	Micrococcales	Microbacteriaceae	Leucobacter	NA
ASV603	Bacteria	Proteobacteria	Alphaproteobacteria	Rhizobiales	Beijerinckiaceae	Microvirga	NA
ASV604	Bacteria	Firmicutes	Clostridia	Christensenellales	Christensenellaceae	Christensenellaceae R-7 group	NA
ASV605	Bacteria	Patescibacteria	Saccharimonadia	Saccharimonadales	Saccharimonadaceae	TM7a	NA
ASV606	Bacteria	Proteobacteria	Alphaproteobacteria	Azospirillales	Azospirillaceae	Azospirillum	NA
ASV607	Bacteria	Proteobacteria	Alphaproteobacteria	Rhodospirillales	Rhodospirillaceae	Candidatus Riegeria	NA
ASV608	Bacteria	Proteobacteria	Alphaproteobacteria	Reyranellales	Reyranellaceae	Reyranella	NA
ASV609	Bacteria	Verrucomicrobiota	Verrucomicrobiae	Chthoniobacterales	Terrimicrobiaceae	Terrimicrobium	NA
ASV610	Bacteria	Proteobacteria	Gammaproteobacteria	Burkholderiales	Rhodocyclaceae	NA	NA
ASV611	Bacteria	Verrucomicrobiota	Verrucomicrobiae	Verrucomicrobiales	Verrucomicrobiaceae	Verrucomicrobium	NA
ASV612	Bacteria	Proteobacteria	Alphaproteobacteria	Rhizobiales	Rhizobiaceae	NA	NA
ASV613	Bacteria	Bacteroidota	Bacteroidia	Flavobacteriales	NS9 marine group	NA	NA
ASV614	Bacteria	Bacteroidota	Bacteroidia	Bacteroidales	Prolixibacteraceae	WCHB1-32	NA
ASV615	Bacteria	Proteobacteria	Alphaproteobacteria	Sphingomonadales	Sphingomonadaceae	Sandaracinobacter	NA
ASV616	Bacteria	Bacteroidota	Bacteroidia	Chitinophagales	NA	NA	NA
ASV617	Bacteria	Bacteroidota	Bacteroidia	Sphingobacteriales	Sphingobacteriaceae	Pedobacter	NA
ASV618	Bacteria	Proteobacteria	Gammaproteobacteria	Pseudomonadales	Moraxellaceae	Acinetobacter	NA
ASV619	Bacteria	Bacteroidota	Bacteroidia	Flavobacteriales	NS9 marine group	NA	NA
ASV620	Bacteria	Verrucomicrobiota	Verrucomicrobiae	Opitutales	Opitutaceae	Diplosphaera	NA
ASV621	Bacteria	Firmicutes	Clostridia	Peptostreptococcales-Tissierellales	Anaerovoracaceae	Anaerovorax	NA
ASV622	Bacteria	Bacteroidota	Bacteroidia	Flavobacteriales	Flavobacteriaceae	Flavobacterium	NA
ASV623	Bacteria	Proteobacteria	Gammaproteobacteria	Burkholderiales	Rhodocyclaceae	Candidatus Accumulibacter	NA
ASV624	Bacteria	Verrucomicrobiota	Verrucomicrobiae	Opitutales	Puniceicoccaceae	NA	NA
ASV625	Bacteria	Patescibacteria	Saccharimonadia	Saccharimonadales	Saccharimonadaceae	TM7a	NA
ASV626	Bacteria	Actinobacteriota	Acidimicrobiia	Microtrichales	Microtrichaceae	IMCC26207	NA
ASV627	Bacteria	Bacteroidota	Bacteroidia	Flavobacteriales	Flavobacteriaceae	Flavobacterium	NA
ASV628	Bacteria	Bacteroidota	Bacteroidia	Flavobacteriales	Flavobacteriaceae	Flavobacterium	NA
ASV629	Bacteria	Bacteroidota	Bacteroidia	Flavobacteriales	Weeksellaceae	Chryseobacterium	NA
ASV630	Bacteria	Proteobacteria	Alphaproteobacteria	Rhizobiales	Rhizobiaceae	NA	NA
ASV631	Bacteria	Proteobacteria	Gammaproteobacteria	Xanthomonadales	Xanthomonadaceae	Thermomonas	NA
ASV632	Bacteria	Bacteroidota	Bacteroidia	Flavobacteriales	Weeksellaceae	Chryseobacterium	NA
ASV634	Bacteria	Verrucomicrobiota	Verrucomicrobiae	Verrucomicrobiales	Verrucomicrobiaceae	Prosthecobacter	NA
ASV635	Bacteria	Proteobacteria	Gammaproteobacteria	Burkholderiales	Comamonadaceae	Pseudorhodoferax	NA
ASV636	Bacteria	Bacteroidota	Bacteroidia	Cytophagales	Cytophagaceae	Cytophaga	NA
ASV637	Bacteria	Proteobacteria	Alphaproteobacteria	Rhodobacterales	Rhodobacteraceae	NA	NA
ASV638	Bacteria	Proteobacteria	Gammaproteobacteria	Xanthomonadales	Rhodanobacteraceae	Dokdonella	NA
ASV639	Bacteria	Firmicutes	Clostridia	Clostridiales	Clostridiaceae	Clostridium sensu stricto 13	NA
ASV640	Bacteria	Actinobacteriota	Actinobacteria	Propionibacteriales	Nocardioidaceae	Aeromicrobium	NA
ASV641	Bacteria	Proteobacteria	Alphaproteobacteria	Caulobacterales	Caulobacteraceae	Brevundimonas	NA
ASV642	Bacteria	Abditibacteriota	Abditibacteria	Abditibacteriales	Abditibacteriaceae	Abditibacterium	NA
ASV643	Bacteria	Proteobacteria	Alphaproteobacteria	Rhizobiales	Xanthobacteraceae	Xanthobacter	NA
ASV644	Bacteria	Actinobacteriota	Acidimicrobiia	Microtrichales	Microtrichaceae	NA	NA
ASV645	Bacteria	Verrucomicrobiota	Verrucomicrobiae	Verrucomicrobiales	Rubritaleaceae	Luteolibacter	NA
ASV646	Bacteria	Proteobacteria	Alphaproteobacteria	Sphingomonadales	Sphingomonadaceae	Blastomonas	NA
ASV647	Bacteria	Proteobacteria	Alphaproteobacteria	Sphingomonadales	Sphingomonadaceae	Novosphingobium	NA
ASV648	Bacteria	Proteobacteria	Gammaproteobacteria	Burkholderiales	Comamonadaceae	Hydrogenophaga	NA
ASV649	Bacteria	Proteobacteria	Gammaproteobacteria	Pseudomonadales	Moraxellaceae	Acinetobacter	NA
ASV650	Bacteria	Firmicutes	NA	NA	NA	NA	NA
ASV651	Bacteria	Bacteroidota	Bacteroidia	Bacteroidales	Prolixibacteraceae	WCHB1-32	NA
ASV652	Bacteria	Bacteroidota	Bacteroidia	Flavobacteriales	Flavobacteriaceae	Flavobacterium	NA
ASV653	Bacteria	Firmicutes	Bacilli	Lactobacillales	Streptococcaceae	Lactococcus	NA
ASV654	Bacteria	Proteobacteria	Gammaproteobacteria	Burkholderiales	Comamonadaceae	Hylemonella	NA
ASV655	Bacteria	Actinobacteriota	Coriobacteriia	Coriobacteriales	Coriobacteriales Incertae Sedis	Raoultibacter	NA
ASV656	Bacteria	Cyanobacteria	Sericytochromatia	NA	NA	NA	NA
ASV657	Bacteria	Cyanobacteria	Sericytochromatia	NA	NA	NA	NA
ASV658	Bacteria	Bacteroidota	Bacteroidia	Sphingobacteriales	Sphingobacteriaceae	Pedobacter	NA
ASV659	Bacteria	Actinobacteriota	Actinobacteria	Micrococcales	Microbacteriaceae	Cryobacterium	NA
ASV660	Bacteria	Bacteroidota	Bacteroidia	Sphingobacteriales	Lentimicrobiaceae	NA	NA
ASV661	Bacteria	Proteobacteria	Alphaproteobacteria	Acetobacterales	Acetobacteraceae	NA	NA
ASV662	Bacteria	Proteobacteria	Alphaproteobacteria	Rhizobiales	Rhizobiaceae	Allorhizobium-Neorhizobium-Pararhizobium-Rhizobium	NA
ASV664	Bacteria	Bacteroidota	Bacteroidia	Bacteroidales	Dysgonomonadaceae	NA	NA
ASV665	Bacteria	Bacteroidota	Kapabacteria	Kapabacteriales	NA	NA	NA
ASV666	Bacteria	Campylobacterota	Campylobacteria	Campylobacterales	Sulfurospirillaceae	Sulfurospirillum	NA
ASV667	Bacteria	Bdellovibrionota	Bdellovibrionia	Bdellovibrionales	Bdellovibrionaceae	Bdellovibrio	NA
ASV668	Bacteria	Bacteroidota	Bacteroidia	Sphingobacteriales	Sphingobacteriaceae	Pedobacter	NA
ASV669	Bacteria	Verrucomicrobiota	Verrucomicrobiae	Verrucomicrobiales	Verrucomicrobiaceae	Prosthecobacter	NA
ASV670	Bacteria	Firmicutes	Negativicutes	Veillonellales-Selenomonadales	Sporomusaceae	Pelosinus	NA
ASV671	Bacteria	Bacteroidota	Bacteroidia	Flavobacteriales	Flavobacteriaceae	Flavobacterium	NA
ASV672	Bacteria	Campylobacterota	Campylobacteria	Campylobacterales	Sulfurospirillaceae	Sulfurospirillum	NA
ASV673	Bacteria	Bacteroidota	Bacteroidia	Cytophagales	Spirosomaceae	NA	NA
ASV674	Bacteria	Firmicutes	Clostridia	Peptostreptococcales-Tissierellales	Anaerovoracaceae	Anaerovorax	NA
ASV675	Bacteria	Bacteroidota	Bacteroidia	Flavobacteriales	Flavobacteriaceae	Flavobacterium	NA
ASV676	Bacteria	Firmicutes	Clostridia	Clostridiales	Clostridiaceae	NA	NA
ASV677	Bacteria	Firmicutes	Clostridia	Peptostreptococcales-Tissierellales	Sedimentibacteraceae	Sedimentibacter	NA
ASV678	Bacteria	Proteobacteria	Alphaproteobacteria	Rhizobiales	Rhizobiaceae	Allorhizobium-Neorhizobium-Pararhizobium-Rhizobium	NA
ASV679	Bacteria	Bacteroidota	Bacteroidia	Flavobacteriales	Flavobacteriaceae	Flavobacterium	NA
ASV680	Bacteria	Proteobacteria	Gammaproteobacteria	Pseudomonadales	Pseudohongiellaceae	Pseudohongiella	NA
ASV681	Bacteria	Proteobacteria	Alphaproteobacteria	Reyranellales	Reyranellaceae	Reyranella	NA
ASV682	Bacteria	Proteobacteria	Alphaproteobacteria	Sphingomonadales	Sphingomonadaceae	Novosphingobium	NA
ASV683	Bacteria	Firmicutes	Clostridia	Oscillospirales	Hungateiclostridiaceae	NA	NA
ASV684	Bacteria	Bacteroidota	Bacteroidia	Bacteroidales	Prolixibacteraceae	WCHB1-32	NA
ASV685	Bacteria	Proteobacteria	Alphaproteobacteria	Paracaedibacterales	Paracaedibacteraceae	NA	NA
ASV686	Bacteria	Proteobacteria	Gammaproteobacteria	Burkholderiales	Comamonadaceae	Limnohabitans	NA
ASV687	Bacteria	Proteobacteria	Gammaproteobacteria	Burkholderiales	Methylophilaceae	Methylobacillus	NA
ASV688	Bacteria	Proteobacteria	Gammaproteobacteria	Burkholderiales	Comamonadaceae	Aquabacterium	NA
ASV689	Bacteria	Proteobacteria	Alphaproteobacteria	Rhodobacterales	Rhodobacteraceae	NA	NA
ASV690	Bacteria	Firmicutes	Clostridia	Christensenellales	Christensenellaceae	Christensenellaceae R-7 group	NA
ASV691	Bacteria	Desulfobacterota	Desulfovibrionia	Desulfovibrionales	Desulfovibrionaceae	Desulfovibrio	NA
ASV692	Bacteria	Proteobacteria	Gammaproteobacteria	Pseudomonadales	Pseudomonadaceae	Pseudomonas	NA
ASV693	Bacteria	Proteobacteria	Gammaproteobacteria	Burkholderiales	Methylophilaceae	Methylobacillus	NA
ASV694	Bacteria	Proteobacteria	Alphaproteobacteria	Rhizobiales	Beijerinckiaceae	Microvirga	NA
ASV695	Bacteria	Bacteroidota	Bacteroidia	Chitinophagales	Chitinophagaceae	Edaphobaculum	NA
ASV696	Bacteria	Verrucomicrobiota	Verrucomicrobiae	Verrucomicrobiales	Verrucomicrobiaceae	NA	NA
ASV697	Bacteria	Bacteroidota	Bacteroidia	Cytophagales	Spirosomaceae	Persicitalea	NA
ASV698	Bacteria	Proteobacteria	Alphaproteobacteria	Acetobacterales	Acetobacteraceae	Roseomonas	NA
ASV699	Bacteria	Patescibacteria	Saccharimonadia	Saccharimonadales	Saccharimonadaceae	TM7a	NA
ASV700	Bacteria	Proteobacteria	Alphaproteobacteria	Rhizobiales	Devosiaceae	Devosia	NA
ASV701	Bacteria	Actinobacteriota	Thermoleophilia	Gaiellales	NA	NA	NA
ASV702	Bacteria	Verrucomicrobiota	Verrucomicrobiae	Verrucomicrobiales	Verrucomicrobiaceae	NA	NA
ASV703	Bacteria	Bdellovibrionota	Bdellovibrionia	Bacteriovoracales	Bacteriovoracaceae	Peredibacter	NA
ASV704	Bacteria	Planctomycetota	Planctomycetes	Isosphaerales	Isosphaeraceae	Paludisphaera	NA
ASV705	Bacteria	Bacteroidota	Bacteroidia	Cytophagales	Spirosomaceae	Dyadobacter	NA
ASV707	Bacteria	Firmicutes	Clostridia	Oscillospirales	Oscillospiraceae	NK4A214 group	NA
ASV708	Bacteria	Proteobacteria	Alphaproteobacteria	Caulobacterales	Caulobacteraceae	Brevundimonas	NA
ASV709	Bacteria	Proteobacteria	Alphaproteobacteria	Sphingomonadales	Sphingomonadaceae	Sphingobium	NA
ASV710	Bacteria	Proteobacteria	Alphaproteobacteria	Defluviicoccales	NA	NA	NA
ASV711	Bacteria	Bdellovibrionota	Bdellovibrionia	Bacteriovoracales	Bacteriovoracaceae	Peredibacter	NA
ASV712	Bacteria	Armatimonadota	Fimbriimonadia	Fimbriimonadales	Fimbriimonadaceae	NA	NA
ASV713	Bacteria	Bdellovibrionota	Oligoflexia	0319-6G20	NA	NA	NA
ASV714	Bacteria	Proteobacteria	Gammaproteobacteria	Halothiobacillales	Halothiobacillaceae	Halothiobacillus	NA
ASV715	Bacteria	Spirochaetota	Spirochaetia	Spirochaetales	Spirochaetaceae	NA	NA
ASV716	Bacteria	Bacteroidota	Kapabacteria	Kapabacteriales	NA	NA	NA
ASV717	Bacteria	Bacteroidota	Bacteroidia	Flavobacteriales	Flavobacteriaceae	Flavobacterium	NA
ASV718	Bacteria	Proteobacteria	Gammaproteobacteria	Burkholderiales	Comamonadaceae	Extensimonas	NA
ASV719	Bacteria	Proteobacteria	Alphaproteobacteria	Rhizobiales	Devosiaceae	Devosia	NA
ASV720	Bacteria	Actinobacteriota	Actinobacteria	Micrococcales	Microbacteriaceae	Microbacterium	NA
ASV721	Bacteria	Bacteroidota	Bacteroidia	Flavobacteriales	Flavobacteriaceae	Flavobacterium	NA
ASV722	Bacteria	Proteobacteria	Gammaproteobacteria	Xanthomonadales	Rhodanobacteraceae	Rhodanobacter	NA
ASV723	Bacteria	Bacteroidota	Bacteroidia	Bacteroidales	Rikenellaceae	NA	NA
ASV724	Bacteria	Patescibacteria	Gracilibacteria	Absconditabacteriales (SR1)	NA	NA	NA
ASV725	Bacteria	Proteobacteria	Alphaproteobacteria	Rhodobacterales	Rhodobacteraceae	NA	NA
ASV726	Bacteria	Proteobacteria	Alphaproteobacteria	Rhodobacterales	Rhodobacteraceae	Flavimaricola	NA
ASV727	Bacteria	Proteobacteria	Gammaproteobacteria	Burkholderiales	Hydrogenophilaceae	Thiobacillus	NA
ASV728	Bacteria	Firmicutes	Clostridia	Oscillospirales	Ruminococcaceae	NA	NA
ASV729	Bacteria	Firmicutes	Clostridia	Oscillospirales	Hungateiclostridiaceae	Saccharofermentans	NA
ASV730	Bacteria	Proteobacteria	Gammaproteobacteria	Burkholderiales	Comamonadaceae	NA	NA
ASV731	Bacteria	Planctomycetota	Planctomycetes	Pirellulales	Pirellulaceae	Pirellula	NA
ASV732	Bacteria	Spirochaetota	Spirochaetia	Spirochaetales	Spirochaetaceae	Treponema	NA
ASV733	Bacteria	Proteobacteria	Alphaproteobacteria	Sphingomonadales	Sphingomonadaceae	Sphingomonas	NA
ASV734	Bacteria	Patescibacteria	Saccharimonadia	Saccharimonadales	Saccharimonadaceae	TM7a	NA
ASV735	Bacteria	Firmicutes	Clostridia	Clostridiales	Clostridiaceae	Clostridium sensu stricto 9	NA
ASV736	Bacteria	Proteobacteria	Gammaproteobacteria	Pseudomonadales	Moraxellaceae	Psychrobacter	NA
ASV737	Bacteria	Actinobacteriota	Acidimicrobiia	Microtrichales	Microtrichaceae	IMCC26207	NA
ASV738	Bacteria	Bdellovibrionota	Bdellovibrionia	Bacteriovoracales	Bacteriovoracaceae	Bacteriovorax	NA
ASV739	Bacteria	Planctomycetota	Planctomycetes	Pirellulales	Pirellulaceae	Pirellula	NA
ASV740	Bacteria	WPS-2	NA	NA	NA	NA	NA
ASV741	Bacteria	Proteobacteria	Alphaproteobacteria	Acetobacterales	Acetobacteraceae	Roseomonas	NA
ASV742	Bacteria	Proteobacteria	Alphaproteobacteria	Rhizobiales	Rhizobiaceae	Pseudochrobactrum	NA
ASV743	Bacteria	Proteobacteria	Gammaproteobacteria	Pseudomonadales	Moraxellaceae	[Agitococcus] lubricus group	NA
ASV744	Bacteria	Proteobacteria	Gammaproteobacteria	Burkholderiales	Alcaligenaceae	Advenella	NA
ASV745	Bacteria	Proteobacteria	Gammaproteobacteria	Burkholderiales	Comamonadaceae	Comamonas	NA
ASV746	Bacteria	Bacteroidota	Bacteroidia	Cytophagales	NA	NA	NA
ASV747	Bacteria	Myxococcota	Polyangia	Blfdi19	NA	NA	NA
ASV748	Bacteria	Bacteroidota	Bacteroidia	Chitinophagales	Saprospiraceae	OLB8	NA
ASV749	Bacteria	Bdellovibrionota	Bdellovibrionia	Bdellovibrionales	Bdellovibrionaceae	Bdellovibrio	NA
ASV750	Bacteria	Bacteroidota	Bacteroidia	Cytophagales	Spirosomaceae	Leadbetterella	NA
ASV751	Bacteria	Proteobacteria	Alphaproteobacteria	Sphingomonadales	Sphingomonadaceae	Novosphingobium	NA
ASV752	Bacteria	Planctomycetota	Planctomycetes	Planctomycetales	Rubinisphaeraceae	SH-PL14	NA
ASV753	Bacteria	Bacteroidota	Bacteroidia	Bacteroidales	Prolixibacteraceae	BSV13	NA
ASV754	Bacteria	Bacteroidota	Bacteroidia	Flavobacteriales	Flavobacteriaceae	Flavobacterium	NA
ASV755	Bacteria	Proteobacteria	Gammaproteobacteria	Burkholderiales	Comamonadaceae	Aquabacterium	NA
ASV756	Bacteria	Cyanobacteria	Sericytochromatia	NA	NA	NA	NA
ASV757	Bacteria	Firmicutes	Clostridia	Oscillospirales	Hungateiclostridiaceae	NA	NA
ASV758	Bacteria	NA	NA	NA	NA	NA	NA
ASV759	Bacteria	Proteobacteria	Alphaproteobacteria	Caulobacterales	Caulobacteraceae	Phenylobacterium	NA
ASV760	Bacteria	Bdellovibrionota	Bdellovibrionia	Bacteriovoracales	Bacteriovoracaceae	Bacteriovorax	NA
ASV761	Bacteria	Verrucomicrobiota	Kiritimatiellae	WCHB1-41	NA	NA	NA
ASV762	Bacteria	Proteobacteria	Gammaproteobacteria	Gammaproteobacteria Incertae Sedis	Unknown Family	NA	NA
ASV763	Bacteria	Proteobacteria	Alphaproteobacteria	Sphingomonadales	Sphingomonadaceae	Sphingomonas	NA
ASV764	Bacteria	Bdellovibrionota	Bdellovibrionia	Bdellovibrionales	Bdellovibrionaceae	Bdellovibrio	NA
ASV765	Bacteria	Proteobacteria	Gammaproteobacteria	Pseudomonadales	Moraxellaceae	Acinetobacter	NA
ASV766	Bacteria	Proteobacteria	Alphaproteobacteria	Rhodobacterales	Rhodobacteraceae	Gemmobacter	NA
ASV767	Bacteria	Bacteroidota	Bacteroidia	Cytophagales	Spirosomaceae	Leadbetterella	NA
ASV768	Bacteria	Actinobacteriota	Acidimicrobiia	Microtrichales	Iamiaceae	Iamia	NA
ASV769	Bacteria	Proteobacteria	Alphaproteobacteria	Sphingomonadales	Sphingomonadaceae	Novosphingobium	NA
ASV770	Bacteria	Verrucomicrobiota	Verrucomicrobiae	Verrucomicrobiales	Rubritaleaceae	Luteolibacter	NA
ASV771	Bacteria	Verrucomicrobiota	Lentisphaeria	Victivallales	Victivallaceae	NA	NA
ASV772	Bacteria	Firmicutes	Clostridia	Eubacteriales	Eubacteriaceae	Pseudoramibacter	NA
ASV773	Bacteria	Proteobacteria	Gammaproteobacteria	Pseudomonadales	Pseudohongiellaceae	Pseudohongiella	NA
ASV774	Bacteria	Bacteroidota	Bacteroidia	Flavobacteriales	Flavobacteriaceae	Flavobacterium	NA
ASV775	Bacteria	Proteobacteria	Alphaproteobacteria	Sphingomonadales	Sphingomonadaceae	Sphingopyxis	NA
ASV776	Bacteria	Bacteroidota	Bacteroidia	Cytophagales	Cytophagaceae	Cytophaga	NA
ASV777	Bacteria	Actinobacteriota	Actinobacteria	Micrococcales	Microbacteriaceae	NA	NA
ASV778	Bacteria	Proteobacteria	Alphaproteobacteria	Rhizobiales	Rhizobiaceae	NA	NA
ASV779	Bacteria	Proteobacteria	Alphaproteobacteria	Rhizobiales	Rhizobiaceae	Aminobacter	NA
ASV780	Bacteria	Spirochaetota	Spirochaetia	Spirochaetales	Spirochaetaceae	Sphaerochaeta	NA
ASV781	Bacteria	Proteobacteria	Gammaproteobacteria	Burkholderiales	Aquaspirillaceae	Rivicola	NA
ASV782	Bacteria	Proteobacteria	Gammaproteobacteria	Burkholderiales	Burkholderiaceae	Limnobacter	NA
ASV783	Bacteria	Proteobacteria	Gammaproteobacteria	Burkholderiales	Comamonadaceae	Simplicispira	NA
ASV784	Bacteria	Bdellovibrionota	Bdellovibrionia	Bdellovibrionales	Bdellovibrionaceae	Bdellovibrio	NA
ASV785	Bacteria	Bacteroidota	Bacteroidia	Chitinophagales	Chitinophagaceae	Terrimonas	NA
ASV786	Bacteria	Bacteroidota	Bacteroidia	Flavobacteriales	Flavobacteriaceae	Flavobacterium	NA
ASV787	Bacteria	Planctomycetota	Planctomycetes	Isosphaerales	Isosphaeraceae	NA	NA
ASV788	Bacteria	Firmicutes	Negativicutes	Veillonellales-Selenomonadales	Sporomusaceae	Pelosinus	NA
ASV789	Bacteria	Bacteroidota	Bacteroidia	Bacteroidales	Rikenellaceae	NA	NA
ASV790	Bacteria	Synergistota	Synergistia	Synergistales	Synergistaceae	Cloacibacillus	NA
ASV791	Bacteria	Proteobacteria	Gammaproteobacteria	Enterobacterales	Aeromonadaceae	Tolumonas	NA
ASV792	Bacteria	Bacteroidota	Bacteroidia	Bacteroidales	Prolixibacteraceae	BSV13	NA
ASV793	Bacteria	Proteobacteria	Alphaproteobacteria	Sphingomonadales	Sphingomonadaceae	Sphingomonas	NA
ASV794	Bacteria	Myxococcota	Polyangia	Polyangiales	Phaselicystidaceae	Phaselicystis	NA
ASV795	Bacteria	Proteobacteria	Gammaproteobacteria	Enterobacterales	Hafniaceae	Hafnia-Obesumbacterium	NA
ASV796	Bacteria	Proteobacteria	Alphaproteobacteria	Rhizobiales	Devosiaceae	NA	NA
ASV797	Bacteria	Proteobacteria	Gammaproteobacteria	Burkholderiales	Comamonadaceae	Pseudorhodoferax	NA
ASV799	Bacteria	Firmicutes	Clostridia	Oscillospirales	Oscillospiraceae	NK4A214 group	NA
ASV800	Bacteria	Bacteroidota	Bacteroidia	Bacteroidales	Prolixibacteraceae	BSV13	NA
ASV801	Bacteria	Bacteroidota	Bacteroidia	Bacteroidales	Dysgonomonadaceae	NA	NA
ASV802	Bacteria	Firmicutes	Clostridia	Peptostreptococcales-Tissierellales	Anaerovoracaceae	NA	NA
ASV803	Bacteria	Proteobacteria	Gammaproteobacteria	Burkholderiales	Comamonadaceae	Roseateles	NA
ASV805	Bacteria	Proteobacteria	Alphaproteobacteria	Rhizobiales	Xanthobacteraceae	Bradyrhizobium	NA
ASV806	Bacteria	Campylobacterota	Campylobacteria	Campylobacterales	Sulfurimonadaceae	Sulfurimonas	NA
ASV807	Bacteria	Desulfobacterota	Desulfovibrionia	Desulfovibrionales	Desulfovibrionaceae	Desulfovibrio	NA
ASV808	Bacteria	Proteobacteria	Alphaproteobacteria	Rhodobacterales	Rhodobacteraceae	Pseudorhodobacter	NA
ASV809	Bacteria	Bacteroidota	Bacteroidia	Flavobacteriales	Weeksellaceae	Chryseobacterium	NA
ASV810	Bacteria	Bacteroidota	Bacteroidia	Chitinophagales	Chitinophagaceae	Taibaiella	NA
ASV811	Bacteria	Bdellovibrionota	Oligoflexia	0319-6G20	NA	NA	NA
ASV812	Bacteria	Actinobacteriota	Actinobacteria	Micrococcales	Microbacteriaceae	Leucobacter	NA
ASV814	Bacteria	Verrucomicrobiota	Verrucomicrobiae	Opitutales	Opitutaceae	Lacunisphaera	NA
ASV815	Bacteria	Proteobacteria	Alphaproteobacteria	Rhizobiales	Xanthobacteraceae	Afipia	NA
ASV816	Bacteria	Firmicutes	Clostridia	Peptostreptococcales-Tissierellales	Peptostreptococcaceae	Acetoanaerobium	NA
ASV817	Bacteria	Bacteroidota	Bacteroidia	Bacteroidales	Rikenellaceae	NA	NA
ASV818	Bacteria	Proteobacteria	Gammaproteobacteria	Burkholderiales	Rhodocyclaceae	Dechloromonas	NA
ASV819	Bacteria	Verrucomicrobiota	Verrucomicrobiae	Opitutales	Opitutaceae	Lacunisphaera	NA
ASV820	Bacteria	Planctomycetota	Planctomycetes	Isosphaerales	Isosphaeraceae	Paludisphaera	NA
ASV821	Bacteria	Bacteroidota	Bacteroidia	Sphingobacteriales	Lentimicrobiaceae	NA	NA
ASV822	Bacteria	Proteobacteria	Gammaproteobacteria	Burkholderiales	Comamonadaceae	Paucibacter	NA
ASV823	Bacteria	Proteobacteria	Gammaproteobacteria	Enterobacterales	Shewanellaceae	Shewanella	NA
ASV824	Bacteria	Bdellovibrionota	Bdellovibrionia	Bacteriovoracales	Bacteriovoracaceae	Bacteriovorax	NA
ASV825	Bacteria	Actinobacteriota	Actinobacteria	Micrococcales	Microbacteriaceae	NA	NA
ASV826	Bacteria	Firmicutes	Clostridia	Christensenellales	Christensenellaceae	NA	NA
ASV827	Bacteria	Proteobacteria	Gammaproteobacteria	Burkholderiales	Comamonadaceae	Giesbergeria	NA
ASV829	Bacteria	Actinobacteriota	Acidimicrobiia	Microtrichales	NA	NA	NA
ASV830	Bacteria	Proteobacteria	Gammaproteobacteria	Pseudomonadales	Moraxellaceae	Psychrobacter	NA
ASV831	Bacteria	Firmicutes	Clostridia	Oscillospirales	Oscillospiraceae	Intestinimonas	NA
ASV832	Bacteria	Bacteroidota	Bacteroidia	Flavobacteriales	Flavobacteriaceae	Flavobacterium	NA
ASV833	Bacteria	Bacteroidota	Bacteroidia	Flavobacteriales	Flavobacteriaceae	Flavobacterium	NA
ASV834	Bacteria	Bacteroidota	Bacteroidia	Chitinophagales	Chitinophagaceae	Edaphobaculum	NA
ASV835	Bacteria	Firmicutes	Clostridia	Clostridiales	Clostridiaceae	Clostridium sensu stricto 9	NA
ASV836	Bacteria	Proteobacteria	Gammaproteobacteria	Burkholderiales	Burkholderiaceae	Burkholderia-Caballeronia-Paraburkholderia	NA
ASV837	Bacteria	Proteobacteria	Alphaproteobacteria	Rhizobiales	Xanthobacteraceae	Rhodopseudomonas	NA
ASV838	Bacteria	Proteobacteria	Alphaproteobacteria	Rhizobiales	Rhizobiaceae	Allorhizobium-Neorhizobium-Pararhizobium-Rhizobium	NA
ASV839	Bacteria	Cyanobacteria	Sericytochromatia	NA	NA	NA	NA
ASV840	Bacteria	Firmicutes	Clostridia	Clostridiales	Clostridiaceae	Clostridium sensu stricto 1	NA
ASV841	Bacteria	Proteobacteria	Alphaproteobacteria	Acetobacterales	Acetobacteraceae	Roseomonas	NA
ASV842	Bacteria	Actinobacteriota	Coriobacteriia	Coriobacteriales	Eggerthellaceae	Gordonibacter	NA
ASV843	Bacteria	Spirochaetota	Spirochaetia	Spirochaetales	Spirochaetaceae	NA	NA
ASV844	Bacteria	Firmicutes	Clostridia	Oscillospirales	Hungateiclostridiaceae	Ruminiclostridium	NA
ASV845	Bacteria	Bacteroidota	Bacteroidia	Bacteroidales	Prolixibacteraceae	WCHB1-32	NA
ASV846	Bacteria	Firmicutes	Clostridia	Oscillospirales	Hungateiclostridiaceae	Saccharofermentans	NA
ASV847	Bacteria	Proteobacteria	Gammaproteobacteria	Enterobacterales	Alteromonadaceae	Rheinheimera	NA
ASV848	Bacteria	Proteobacteria	Gammaproteobacteria	Burkholderiales	Comamonadaceae	Polaromonas	NA
ASV849	Bacteria	Bacteroidota	Bacteroidia	Cytophagales	Bernardetiaceae	Bernardetia	NA
ASV850	Bacteria	Bacteroidota	Bacteroidia	Cytophagales	Spirosomaceae	Persicitalea	NA
ASV851	Bacteria	Actinobacteriota	Actinobacteria	NA	NA	NA	NA
ASV852	Bacteria	Proteobacteria	Gammaproteobacteria	Burkholderiales	Comamonadaceae	Polaromonas	NA
ASV853	Bacteria	Bdellovibrionota	Bdellovibrionia	Bdellovibrionales	Bdellovibrionaceae	Bdellovibrio	NA
ASV854	Bacteria	Firmicutes	Clostridia	NA	NA	NA	NA
ASV855	Bacteria	Patescibacteria	Berkelbacteria	NA	NA	NA	NA
ASV856	Bacteria	Actinobacteriota	Actinobacteria	Micrococcales	Micrococcaceae	Pseudarthrobacter	NA
ASV857	Bacteria	Bacteroidota	Bacteroidia	Bacteroidales	Prolixibacteraceae	BSV13	NA
ASV858	Bacteria	Verrucomicrobiota	Lentisphaeria	Victivallales	NA	NA	NA
ASV859	Bacteria	Patescibacteria	ABY1	Candidatus Falkowbacteria	NA	NA	NA
ASV860	Bacteria	Bacteroidota	Bacteroidia	Sphingobacteriales	Lentimicrobiaceae	Lentimicrobium	NA
ASV861	Bacteria	Deinococcota	Deinococci	Deinococcales	Deinococcaceae	Deinococcus	NA
ASV862	Bacteria	Bacteroidota	Bacteroidia	Chitinophagales	Chitinophagaceae	Edaphobaculum	NA
ASV863	Bacteria	Planctomycetota	Phycisphaerae	Phycisphaerales	Phycisphaeraceae	NA	NA
ASV864	Bacteria	Actinobacteriota	Actinobacteria	Corynebacteriales	Mycobacteriaceae	Mycobacterium	NA
ASV865	Bacteria	Bacteroidota	Bacteroidia	Sphingobacteriales	NS11-12 marine group	NA	NA
ASV866	Bacteria	Campylobacterota	Campylobacteria	Campylobacterales	Arcobacteraceae	Poseidonibacter	NA
ASV867	Bacteria	Bacteroidota	Bacteroidia	Sphingobacteriales	Sphingobacteriaceae	NA	NA
ASV868	Bacteria	Proteobacteria	Gammaproteobacteria	Burkholderiales	Rhodocyclaceae	NA	NA
ASV870	Bacteria	Bacteroidota	Bacteroidia	Chitinophagales	NA	NA	NA
ASV871	Bacteria	Proteobacteria	Gammaproteobacteria	Burkholderiales	Hydrogenophilaceae	NA	NA
ASV872	Bacteria	Bacteroidota	Bacteroidia	Cytophagales	Spirosomaceae	Persicitalea	NA
ASV873	Bacteria	Elusimicrobiota	Elusimicrobia	Elusimicrobiales	Elusimicrobiaceae	Elusimicrobium	NA
ASV874	Bacteria	Synergistota	Synergistia	Synergistales	Synergistaceae	Candidatus Tammella	NA
ASV875	Bacteria	Verrucomicrobiota	Lentisphaeria	Victivallales	Victivallaceae	NA	NA
ASV876	Bacteria	Bacteroidota	Bacteroidia	Sphingobacteriales	Sphingobacteriaceae	Sphingobacterium	NA
ASV877	Bacteria	Bacteroidota	Bacteroidia	Sphingobacteriales	Sphingobacteriaceae	Pedobacter	NA
ASV878	Bacteria	Actinobacteriota	Actinobacteria	PeM15	NA	NA	NA
ASV879	Bacteria	Hydrogenedentes	Hydrogenedentia	Hydrogenedentiales	Hydrogenedensaceae	NA	NA
ASV880	Bacteria	Proteobacteria	Gammaproteobacteria	Burkholderiales	Oxalobacteraceae	Herbaspirillum	NA
ASV881	Bacteria	Proteobacteria	Alphaproteobacteria	Sphingomonadales	Sphingomonadaceae	Sphingopyxis	NA
ASV882	Bacteria	Planctomycetota	Planctomycetes	Planctomycetales	NA	NA	NA
ASV883	Bacteria	Bdellovibrionota	Bdellovibrionia	Bacteriovoracales	Bacteriovoracaceae	Peredibacter	NA
ASV884	Bacteria	Planctomycetota	Planctomycetes	Isosphaerales	Isosphaeraceae	Paludisphaera	NA
ASV885	Bacteria	Bacteroidota	Bacteroidia	Bacteroidales	Prolixibacteraceae	WCHB1-32	NA
ASV886	Bacteria	Bacteroidota	Bacteroidia	Sphingobacteriales	Sphingobacteriaceae	Nubsella	NA
ASV887	Bacteria	Proteobacteria	Alphaproteobacteria	Rhizobiales	Beijerinckiaceae	Bosea	NA
ASV888	Bacteria	Campylobacterota	Campylobacteria	Campylobacterales	Arcobacteraceae	Pseudarcobacter	NA
ASV889	Bacteria	Bacteroidota	Bacteroidia	Sphingobacteriales	NS11-12 marine group	NA	NA
ASV890	Bacteria	Planctomycetota	Planctomycetes	Planctomycetales	Rubinisphaeraceae	Planctomicrobium	NA
ASV891	Bacteria	Bacteroidota	Bacteroidia	Sphingobacteriales	Sphingobacteriaceae	Pedobacter	NA
ASV892	Bacteria	Firmicutes	Clostridia	Peptococcales	Peptococcaceae	NA	NA
ASV893	Bacteria	Proteobacteria	Alphaproteobacteria	Sphingomonadales	Sphingomonadaceae	NA	NA
ASV894	Bacteria	Proteobacteria	Alphaproteobacteria	Rhizobiales	Beijerinckiaceae	Camelimonas	NA
ASV895	Bacteria	Bacteroidota	Bacteroidia	Flavobacteriales	Flavobacteriaceae	Flavobacterium	NA
ASV896	Bacteria	Actinobacteriota	Actinobacteria	Micrococcales	Microbacteriaceae	NA	NA
ASV897	Bacteria	Bdellovibrionota	Bdellovibrionia	Bdellovibrionales	Bdellovibrionaceae	Bdellovibrio	NA
ASV898	Bacteria	Actinobacteriota	Actinobacteria	Propionibacteriales	Nocardioidaceae	Aeromicrobium	NA
ASV899	Bacteria	Bacteroidota	Bacteroidia	Sphingobacteriales	Sphingobacteriaceae	Nubsella	NA
ASV900	Bacteria	Firmicutes	Clostridia	Christensenellales	Christensenellaceae	Christensenellaceae R-7 group	NA
ASV901	Bacteria	Proteobacteria	Alphaproteobacteria	Sphingomonadales	Sphingomonadaceae	Sphingobium	NA
ASV902	Bacteria	Proteobacteria	Alphaproteobacteria	Sphingomonadales	Sphingomonadaceae	Novosphingobium	NA
ASV903	Bacteria	Bacteroidota	Bacteroidia	Chitinophagales	Chitinophagaceae	Taibaiella	NA
ASV904	Bacteria	Proteobacteria	Gammaproteobacteria	Steroidobacterales	Steroidobacteraceae	Steroidobacter	NA
ASV905	Bacteria	Chloroflexi	Chloroflexia	Thermomicrobiales	JG30-KF-CM45	NA	NA
ASV906	Bacteria	Proteobacteria	Gammaproteobacteria	Burkholderiales	Comamonadaceae	Variovorax	NA
ASV907	Bacteria	Verrucomicrobiota	Verrucomicrobiae	Verrucomicrobiales	Rubritaleaceae	Luteolibacter	NA
ASV909	Bacteria	Bacteroidota	Bacteroidia	Bacteroidales	Rikenellaceae	Anaerocella	NA
ASV910	Bacteria	Proteobacteria	Gammaproteobacteria	Enterobacterales	Aeromonadaceae	NA	NA
ASV911	Bacteria	Campylobacterota	Campylobacteria	Campylobacterales	Sulfurimonadaceae	Sulfurimonas	NA
ASV912	Bacteria	Firmicutes	Clostridia	Oscillospirales	NA	NA	NA
ASV913	Bacteria	Proteobacteria	Alphaproteobacteria	Rhizobiales	Rhizobiaceae	Aquamicrobium	NA
ASV914	Bacteria	Planctomycetota	Planctomycetes	Isosphaerales	Isosphaeraceae	Singulisphaera	NA
ASV915	Bacteria	Proteobacteria	Gammaproteobacteria	Burkholderiales	Rhodocyclaceae	Candidatus Accumulibacter	NA
ASV916	Bacteria	Proteobacteria	Alphaproteobacteria	Rhizobiales	Xanthobacteraceae	Afipia	NA
ASV917	Bacteria	Bacteroidota	Bacteroidia	Bacteroidales	NA	NA	NA
ASV918	Bacteria	Firmicutes	BRH-c20a	NA	NA	NA	NA
ASV919	Bacteria	Proteobacteria	Gammaproteobacteria	Pseudomonadales	Moraxellaceae	Acinetobacter	NA
ASV920	Bacteria	Actinobacteriota	Actinobacteria	Micrococcales	Beutenbergiaceae	Serinibacter	NA
ASV921	Bacteria	Proteobacteria	Gammaproteobacteria	Burkholderiales	Comamonadaceae	Inhella	NA
ASV922	Bacteria	Proteobacteria	Alphaproteobacteria	Rhizobiales	Devosiaceae	Devosia	NA
ASV923	Bacteria	Proteobacteria	Alphaproteobacteria	Rhodobacterales	Rhodobacteraceae	NA	NA
ASV924	Bacteria	Bacteroidota	Bacteroidia	Cytophagales	Spirosomaceae	Persicitalea	NA
ASV925	Bacteria	Firmicutes	Bacilli	Paenibacillales	Paenibacillaceae	Paenibacillus	NA
ASV926	Bacteria	Proteobacteria	Gammaproteobacteria	Burkholderiales	Rhodocyclaceae	Methyloversatilis	NA
ASV927	Bacteria	Proteobacteria	Alphaproteobacteria	Rhizobiales	Devosiaceae	Devosia	NA
ASV928	Bacteria	Proteobacteria	Alphaproteobacteria	Reyranellales	Reyranellaceae	Reyranella	NA
ASV930	Bacteria	Bacteroidota	Bacteroidia	Bacteroidales	Marinifilaceae	NA	NA
ASV931	Bacteria	Desulfobacterota	Desulfuromonadia	Geobacterales	Geobacteraceae	Geobacter	NA
ASV932	Bacteria	Spirochaetota	Spirochaetia	Spirochaetales	Spirochaetaceae	Sphaerochaeta	NA
ASV933	Bacteria	Bacteroidota	Bacteroidia	Bacteroidales	Rikenellaceae	NA	NA
ASV934	Bacteria	Bacteroidota	Bacteroidia	Sphingobacteriales	NA	NA	NA
ASV935	Bacteria	Bacteroidota	Bacteroidia	Bacteroidales	Bacteroidaceae	Bacteroides	NA
ASV937	Bacteria	Proteobacteria	Gammaproteobacteria	Burkholderiales	Rhodocyclaceae	NA	NA
ASV938	Bacteria	Bacteroidota	Bacteroidia	Chitinophagales	NA	NA	NA
ASV939	Bacteria	Proteobacteria	Alphaproteobacteria	Rhizobiales	Rhizobiaceae	NA	NA
ASV940	Bacteria	Proteobacteria	Alphaproteobacteria	Sphingomonadales	Sphingomonadaceae	Sphingobium	NA
ASV941	Bacteria	WPS-2	NA	NA	NA	NA	NA
ASV942	Bacteria	Bacteroidota	Bacteroidia	Sphingobacteriales	env.OPS 17	NA	NA
ASV943	Bacteria	Proteobacteria	Alphaproteobacteria	Rhizobiales	Devosiaceae	Devosia	NA
ASV944	Bacteria	Proteobacteria	Alphaproteobacteria	Rhizobiales	Rhizobiales Incertae Sedis	Phreatobacter	NA
ASV945	Bacteria	Proteobacteria	Alphaproteobacteria	Rhodospirillales	NA	NA	NA
ASV946	Bacteria	NA	NA	NA	NA	NA	NA
ASV947	Bacteria	Proteobacteria	Gammaproteobacteria	Coxiellales	Coxiellaceae	Coxiella	NA
ASV948	Bacteria	Firmicutes	Bacilli	Staphylococcales	Staphylococcaceae	Staphylococcus	NA
ASV949	Bacteria	Verrucomicrobiota	Verrucomicrobiae	Verrucomicrobiales	Rubritaleaceae	Luteolibacter	NA
ASV950	Bacteria	Proteobacteria	Alphaproteobacteria	Rhodobacterales	Rhodobacteraceae	Pseudorhodobacter	NA
ASV951	Bacteria	Proteobacteria	Gammaproteobacteria	Pseudomonadales	Pseudomonadaceae	Pseudomonas	NA
ASV952	Bacteria	Actinobacteriota	Actinobacteria	Propionibacteriales	Propionibacteriaceae	Propionicimonas	NA
ASV953	Bacteria	Actinobacteriota	Thermoleophilia	Solirubrobacterales	67-14	NA	NA
ASV954	Bacteria	Proteobacteria	Alphaproteobacteria	Rhizobiales	Beijerinckiaceae	Methylocapsa	NA
ASV955	Bacteria	Bacteroidota	Bacteroidia	Flavobacteriales	NS9 marine group	NA	NA
ASV956	Bacteria	Proteobacteria	Alphaproteobacteria	Sphingomonadales	Sphingomonadaceae	Sphingomonas	NA
ASV957	Bacteria	Bacteroidota	Bacteroidia	Cytophagales	Spirosomaceae	Persicitalea	NA
ASV958	Bacteria	Proteobacteria	Gammaproteobacteria	Burkholderiales	Comamonadaceae	Rhizobacter	NA
ASV959	Bacteria	Bacteroidota	Bacteroidia	Flavobacteriales	NS9 marine group	NA	NA
ASV960	Bacteria	Actinobacteriota	Actinobacteria	Propionibacteriales	Propionibacteriaceae	Propionicimonas	NA
ASV961	Bacteria	Proteobacteria	Gammaproteobacteria	Burkholderiales	Comamonadaceae	NA	NA
ASV962	Bacteria	Proteobacteria	Alphaproteobacteria	Sphingomonadales	Sphingomonadaceae	Sphingomonas	NA
ASV963	Bacteria	Bacteroidota	Bacteroidia	Sphingobacteriales	Lentimicrobiaceae	Lentimicrobium	NA
ASV964	Bacteria	Campylobacterota	Campylobacteria	Campylobacterales	Sulfurospirillaceae	Sulfurospirillum	NA
ASV965	Bacteria	Firmicutes	Clostridia	NA	NA	NA	NA
ASV966	Bacteria	Patescibacteria	Saccharimonadia	Saccharimonadales	Saccharimonadaceae	TM7a	NA
ASV967	Bacteria	Firmicutes	Clostridia	Oscillospirales	Hungateiclostridiaceae	NA	NA
ASV968	Bacteria	Acidobacteriota	Holophagae	Holophagales	Holophagaceae	NA	NA
ASV969	Bacteria	Proteobacteria	Alphaproteobacteria	Sphingomonadales	Sphingomonadaceae	Sandaracinobacter	NA
ASV970	Bacteria	Proteobacteria	Gammaproteobacteria	Burkholderiales	Comamonadaceae	NA	NA
ASV971	Bacteria	Bacteroidota	Bacteroidia	Flavobacteriales	Weeksellaceae	Cloacibacterium	NA
ASV972	Bacteria	Verrucomicrobiota	Verrucomicrobiae	Verrucomicrobiales	Rubritaleaceae	Luteolibacter	NA
ASV973	Bacteria	Proteobacteria	Alphaproteobacteria	Rhizobiales	A0839	NA	NA
ASV974	Bacteria	Proteobacteria	Alphaproteobacteria	Rhizobiales	Rhizobiaceae	NA	NA
ASV975	Bacteria	Proteobacteria	Gammaproteobacteria	Burkholderiales	Oxalobacteraceae	NA	NA
ASV976	Bacteria	Bacteroidota	Bacteroidia	Sphingobacteriales	Sphingobacteriaceae	Pedobacter	NA
ASV977	Bacteria	Bacteroidota	Bacteroidia	Cytophagales	Spirosomaceae	NA	NA
ASV978	Bacteria	Proteobacteria	Alphaproteobacteria	Rhizobiales	Beijerinckiaceae	Bosea	NA
ASV980	Bacteria	Actinobacteriota	Actinobacteria	Propionibacteriales	Nocardioidaceae	Nocardioides	NA
ASV981	Bacteria	Verrucomicrobiota	Verrucomicrobiae	Chthoniobacterales	Terrimicrobiaceae	Terrimicrobium	NA
ASV982	Bacteria	Verrucomicrobiota	Verrucomicrobiae	Verrucomicrobiales	Verrucomicrobiaceae	Prosthecobacter	NA
ASV983	Bacteria	Bacteroidota	Bacteroidia	Cytophagales	Bernardetiaceae	Bernardetia	NA
ASV984	Bacteria	Actinobacteriota	Thermoleophilia	Solirubrobacterales	Solirubrobacteraceae	Patulibacter	NA
ASV985	Bacteria	Proteobacteria	Gammaproteobacteria	Enterobacterales	NA	NA	NA
ASV986	Bacteria	Proteobacteria	Alphaproteobacteria	Sphingomonadales	Sphingomonadaceae	DSSF69	NA
ASV987	Bacteria	Proteobacteria	Alphaproteobacteria	Rhodospirillales	NA	NA	NA
ASV988	Bacteria	Planctomycetota	Planctomycetes	Pirellulales	Pirellulaceae	Pirellula	NA
ASV989	Bacteria	Proteobacteria	Alphaproteobacteria	Rhodobacterales	Rhodobacteraceae	NA	NA
ASV990	Bacteria	Bacteroidota	Bacteroidia	Bacteroidales	Prolixibacteraceae	WCHB1-32	NA
ASV991	Bacteria	Verrucomicrobiota	Lentisphaeria	Victivallales	GWF2-44-16	NA	NA
ASV992	Bacteria	Bacteroidota	Bacteroidia	Bacteroidales	Williamwhitmaniaceae	Williamwhitmania	NA
ASV993	Bacteria	Actinobacteriota	Actinobacteria	Micrococcales	Microbacteriaceae	Microbacterium	NA
ASV994	Bacteria	Bacteroidota	Bacteroidia	Sphingobacteriales	Sphingobacteriaceae	Nubsella	NA
ASV995	Bacteria	Proteobacteria	Alphaproteobacteria	Rhizobiales	Devosiaceae	Devosia	NA
ASV996	Bacteria	Proteobacteria	Alphaproteobacteria	Rhizobiales	Xanthobacteraceae	Rhodopseudomonas	NA
ASV997	Bacteria	Proteobacteria	Gammaproteobacteria	Burkholderiales	Comamonadaceae	Hydrogenophaga	NA
ASV998	Bacteria	Bacteroidota	Bacteroidia	Flavobacteriales	Flavobacteriaceae	Aequorivita	NA
ASV999	Bacteria	Bdellovibrionota	Bdellovibrionia	Bdellovibrionales	Bdellovibrionaceae	Bdellovibrio	NA
ASV1000	Bacteria	Bacteroidota	Bacteroidia	Flavobacteriales	Weeksellaceae	Chryseobacterium	NA
ASV1001	Bacteria	Proteobacteria	Gammaproteobacteria	Pseudomonadales	Pseudomonadaceae	Pseudomonas	NA
ASV1002	Bacteria	Proteobacteria	Alphaproteobacteria	Rhizobiales	Xanthobacteraceae	Xanthobacter	NA
ASV1003	Bacteria	Actinobacteriota	Actinobacteria	Micrococcales	Microbacteriaceae	Galbitalea	NA
ASV1005	Bacteria	Planctomycetota	Phycisphaerae	Phycisphaerales	Phycisphaeraceae	NA	NA
ASV1006	Bacteria	Acidobacteriota	Acidobacteriae	Bryobacterales	Bryobacteraceae	Bryobacter	NA
ASV1007	Bacteria	Bacteroidota	Bacteroidia	Bacteroidales	Prolixibacteraceae	NA	NA
ASV1008	Bacteria	Proteobacteria	Alphaproteobacteria	Rhizobiales	Devosiaceae	NA	NA
ASV1009	Bacteria	Planctomycetota	Planctomycetes	Isosphaerales	Isosphaeraceae	Paludisphaera	NA
ASV1010	Bacteria	Bacteroidota	Bacteroidia	Chitinophagales	Chitinophagaceae	NA	NA
ASV1011	Bacteria	Proteobacteria	Gammaproteobacteria	Burkholderiales	Chromobacteriaceae	Crenobacter	NA
ASV1012	Bacteria	Planctomycetota	Planctomycetes	Planctomycetales	Rubinisphaeraceae	Planctomicrobium	NA
ASV1013	Bacteria	Patescibacteria	Saccharimonadia	Saccharimonadales	NA	NA	NA
ASV1014	Bacteria	Synergistota	Synergistia	Synergistales	Synergistaceae	NA	NA
ASV1015	Bacteria	Bacteroidota	Bacteroidia	Bacteroidales	Prolixibacteraceae	WCHB1-32	NA
ASV1016	Bacteria	Acidobacteriota	Holophagae	Holophagales	Holophagaceae	Holophaga	NA
ASV1017	Bacteria	Abditibacteriota	Abditibacteria	Abditibacteriales	Abditibacteriaceae	Abditibacterium	NA
ASV1018	Bacteria	Bacteroidota	Bacteroidia	Cytophagales	Spirosomaceae	Persicitalea	NA
ASV1019	Bacteria	Bacteroidota	Bacteroidia	Flavobacteriales	Crocinitomicaceae	Fluviicola	NA
ASV1020	Bacteria	Proteobacteria	NA	NA	NA	NA	NA
ASV1021	Bacteria	Firmicutes	Bacilli	Paenibacillales	Paenibacillaceae	Paenibacillus	NA
ASV1022	Bacteria	Bacteroidota	Bacteroidia	Chitinophagales	Chitinophagaceae	NA	NA
ASV1023	Bacteria	Bacteroidota	Bacteroidia	Flavobacteriales	Flavobacteriaceae	Flavobacterium	NA
ASV1024	Bacteria	Verrucomicrobiota	Verrucomicrobiae	Opitutales	Opitutaceae	Lacunisphaera	NA
ASV1025	Bacteria	Actinobacteriota	Actinobacteria	Micrococcales	Microbacteriaceae	Microbacterium	NA
ASV1026	Bacteria	Actinobacteriota	Actinobacteria	Micrococcales	Microbacteriaceae	NA	NA
ASV1027	Bacteria	Proteobacteria	Gammaproteobacteria	Burkholderiales	Alcaligenaceae	Pelistega	NA
ASV1028	Bacteria	Firmicutes	Clostridia	Clostridia vadinBB60 group	NA	NA	NA
ASV1029	Bacteria	Firmicutes	Clostridia	Oscillospirales	Hungateiclostridiaceae	HN-HF0106	NA
ASV1030	Bacteria	Proteobacteria	Alphaproteobacteria	NA	NA	NA	NA
ASV1031	Bacteria	Firmicutes	Clostridia	Peptococcales	Peptococcaceae	Desulfonispora	NA
ASV1032	Bacteria	Proteobacteria	Gammaproteobacteria	Enterobacterales	Vibrionaceae	Vibrio	NA
ASV1033	Bacteria	Firmicutes	Negativicutes	Veillonellales-Selenomonadales	Sporomusaceae	NA	NA
ASV1034	Bacteria	Proteobacteria	Alphaproteobacteria	Caulobacterales	Caulobacteraceae	Phenylobacterium	NA
ASV1035	Bacteria	Proteobacteria	Gammaproteobacteria	Burkholderiales	Alcaligenaceae	Pigmentiphaga	NA
ASV1036	Bacteria	Proteobacteria	Gammaproteobacteria	Enterobacterales	Aeromonadaceae	Aeromonas	NA
ASV1037	Bacteria	Proteobacteria	Alphaproteobacteria	Azospirillales	Azospirillaceae	Azospirillum	NA
ASV1038	Bacteria	Proteobacteria	Alphaproteobacteria	Rhizobiales	Beijerinckiaceae	NA	NA
ASV1039	Bacteria	Bacteroidota	Bacteroidia	Flavobacteriales	Weeksellaceae	Chryseobacterium	NA
ASV1040	Bacteria	Actinobacteriota	Acidimicrobiia	Microtrichales	Microtrichaceae	NA	NA
ASV1041	Bacteria	Proteobacteria	Gammaproteobacteria	Xanthomonadales	Xanthomonadaceae	Stenotrophomonas	NA
ASV1042	Bacteria	Bacteroidota	Bacteroidia	Cytophagales	Spirosomaceae	Persicitalea	NA
ASV1043	Bacteria	Proteobacteria	Gammaproteobacteria	Xanthomonadales	Rhodanobacteraceae	Tahibacter	NA
ASV1044	Bacteria	Proteobacteria	Alphaproteobacteria	Rhizobiales	Rhizobiaceae	Allorhizobium-Neorhizobium-Pararhizobium-Rhizobium	NA
ASV1045	Bacteria	Actinobacteriota	Acidimicrobiia	Microtrichales	Microtrichaceae	IMCC26207	NA
ASV1046	Bacteria	Actinobacteriota	Actinobacteria	Propionibacteriales	Propionibacteriaceae	Propionicicella	NA
ASV1047	Bacteria	Bacteroidota	Bacteroidia	Bacteroidales	Dysgonomonadaceae	NA	NA
ASV1048	Bacteria	Bacteroidota	Bacteroidia	Bacteroidales	Williamwhitmaniaceae	Acetobacteroides	NA
ASV1049	Bacteria	Firmicutes	Bacilli	Erysipelotrichales	Erysipelotrichaceae	Erysipelothrix	NA
ASV1050	Bacteria	Proteobacteria	Alphaproteobacteria	Rhizobiales	Beijerinckiaceae	NA	NA
ASV1051	Bacteria	Bacteroidota	Bacteroidia	Chitinophagales	Chitinophagaceae	Edaphobaculum	NA
ASV1052	Bacteria	Bacteroidota	Bacteroidia	Sphingobacteriales	Lentimicrobiaceae	Lentimicrobium	NA
ASV1053	Bacteria	Desulfobacterota	Desulfuromonadia	PB19	NA	NA	NA
ASV1054	Bacteria	Bacteroidota	Bacteroidia	Sphingobacteriales	env.OPS 17	NA	NA
ASV1055	Bacteria	Proteobacteria	Alphaproteobacteria	Rhizobiales	Kaistiaceae	Kaistia	NA
ASV1056	Bacteria	Gemmatimonadota	Gemmatimonadetes	Gemmatimonadales	Gemmatimonadaceae	Gemmatimonas	NA
ASV1057	Bacteria	Proteobacteria	Alphaproteobacteria	Caulobacterales	Caulobacteraceae	NA	NA
ASV1058	Bacteria	Gemmatimonadota	Gemmatimonadetes	Gemmatimonadales	Gemmatimonadaceae	Gemmatimonas	NA
ASV1059	Bacteria	Actinobacteriota	Actinobacteria	Corynebacteriales	Mycobacteriaceae	Mycobacterium	NA
ASV1060	Bacteria	Proteobacteria	Alphaproteobacteria	Rhodospirillales	Magnetospirillaceae	Magnetospirillum	NA
ASV1061	Bacteria	Proteobacteria	Alphaproteobacteria	Micavibrionales	NA	NA	NA
ASV1062	Bacteria	Proteobacteria	Alphaproteobacteria	Rhizobiales	Hyphomicrobiaceae	Pedomicrobium	NA
ASV1063	Bacteria	Firmicutes	Clostridia	Oscillospirales	Ethanoligenenaceae	Acetanaerobacterium	NA
ASV1064	Bacteria	Proteobacteria	Alphaproteobacteria	NA	NA	NA	NA
ASV1065	Bacteria	Myxococcota	Polyangia	Polyangiales	Polyangiaceae	Pajaroellobacter	NA
ASV1066	Bacteria	Planctomycetota	Planctomycetes	Isosphaerales	Isosphaeraceae	Paludisphaera	NA
ASV1067	Bacteria	Proteobacteria	Alphaproteobacteria	Sphingomonadales	Sphingomonadaceae	Sphingomonas	NA
ASV1068	Bacteria	Proteobacteria	Gammaproteobacteria	Burkholderiales	Rhodocyclaceae	Georgfuchsia	NA
ASV1069	Bacteria	Gemmatimonadota	Gemmatimonadetes	Gemmatimonadales	Gemmatimonadaceae	Gemmatimonas	NA
ASV1070	Bacteria	Bacteroidota	Bacteroidia	Flavobacteriales	Flavobacteriaceae	Flavobacterium	NA
ASV1071	Bacteria	Proteobacteria	Alphaproteobacteria	Rhodobacterales	Rhodobacteraceae	NA	NA
ASV1072	Bacteria	Proteobacteria	Alphaproteobacteria	Rhizobiales	Kaistiaceae	Kaistia	NA
ASV1073	Bacteria	Bacteroidota	Bacteroidia	Sphingobacteriales	env.OPS 17	NA	NA
ASV1074	Bacteria	Actinobacteriota	Actinobacteria	Micrococcales	Microbacteriaceae	Cryobacterium	NA
ASV1076	Bacteria	Proteobacteria	Alphaproteobacteria	Rhizobiales	Rhizobiales Incertae Sedis	Bauldia	NA
ASV1077	Bacteria	Campylobacterota	Campylobacteria	Campylobacterales	Sulfurospirillaceae	Sulfurospirillum	NA
ASV1078	Bacteria	Firmicutes	Clostridia	Peptostreptococcales-Tissierellales	Anaerovoracaceae	Anaerovorax	NA
ASV1079	Bacteria	Firmicutes	Clostridia	Lachnospirales	Lachnospiraceae	XBB1006	NA
ASV1080	Bacteria	Firmicutes	Clostridia	Lachnospirales	Defluviitaleaceae	Defluviitaleaceae UCG-011	NA
ASV1081	Bacteria	Actinobacteriota	Actinobacteria	Propionibacteriales	Propionibacteriaceae	Tessaracoccus	NA
ASV1082	Bacteria	Proteobacteria	Alphaproteobacteria	Caulobacterales	Caulobacteraceae	Caulobacter	NA
ASV1083	Bacteria	Bacteroidota	Bacteroidia	Chitinophagales	Chitinophagaceae	Flavitalea	NA
ASV1084	Bacteria	Planctomycetota	Planctomycetes	Isosphaerales	Isosphaeraceae	Paludisphaera	NA
ASV1085	Bacteria	Bacteroidota	Bacteroidia	Chitinophagales	Chitinophagaceae	NA	NA
ASV1086	Bacteria	Proteobacteria	Gammaproteobacteria	Pseudomonadales	Moraxellaceae	Acinetobacter	NA
ASV1087	Bacteria	Proteobacteria	Alphaproteobacteria	Rhizobiales	Xanthobacteraceae	NA	NA
ASV1088	Bacteria	Actinobacteriota	Actinobacteria	Propionibacteriales	Nocardioidaceae	Aeromicrobium	NA
ASV1089	Bacteria	Bacteroidota	Bacteroidia	Sphingobacteriales	NS11-12 marine group	NA	NA
ASV1090	Bacteria	Actinobacteriota	Actinobacteria	Propionibacteriales	Nocardioidaceae	Nocardioides	NA
ASV1091	Bacteria	Bacteroidota	Bacteroidia	Flavobacteriales	NS9 marine group	NA	NA
ASV1092	Bacteria	Proteobacteria	Alphaproteobacteria	Rhizobiales	Xanthobacteraceae	Tardiphaga	NA
ASV1093	Bacteria	Proteobacteria	Alphaproteobacteria	Sphingomonadales	Sphingomonadaceae	Blastomonas	NA
ASV1094	Bacteria	Cyanobacteria	Cyanobacteriia	Synechococcales	Cyanobiaceae	Cyanobium PCC-6307	NA
ASV1095	Bacteria	Proteobacteria	Alphaproteobacteria	Rhizobiales	Xanthobacteraceae	Ancylobacter	NA
ASV1096	Bacteria	Bacteroidota	Bacteroidia	Bacteroidales	Dysgonomonadaceae	NA	NA
ASV1097	Bacteria	Synergistota	Synergistia	Synergistales	Synergistaceae	Lactivibrio	NA
ASV1098	Bacteria	Verrucomicrobiota	Lentisphaeria	Victivallales	vadinBE97	NA	NA
ASV1099	Bacteria	Bacteroidota	Bacteroidia	Bacteroidales	Paludibacteraceae	Paludibacter	NA
ASV1100	Bacteria	Desulfobacterota	Desulfobacteria	Desulfobacterales	Desulforegulaceae	Desulforegula	NA
ASV1101	Bacteria	Firmicutes	Clostridia	Christensenellales	Christensenellaceae	Christensenellaceae R-7 group	NA
ASV1102	Bacteria	Bacteroidota	Bacteroidia	Bacteroidales	Bacteroidaceae	Bacteroides	NA
ASV1103	Bacteria	Firmicutes	Negativicutes	Veillonellales-Selenomonadales	Sporomusaceae	Pelosinus	NA
ASV1104	Bacteria	Proteobacteria	Gammaproteobacteria	Burkholderiales	Rhodocyclaceae	NA	NA
ASV1106	Bacteria	Proteobacteria	Gammaproteobacteria	Pseudomonadales	Moraxellaceae	Acinetobacter	NA
ASV1107	Bacteria	Bacteroidota	Bacteroidia	Flavobacteriales	Crocinitomicaceae	Fluviicola	NA
ASV1108	Bacteria	Bacteroidota	Bacteroidia	Flavobacteriales	Flavobacteriaceae	Flavobacterium	NA
ASV1109	Bacteria	Sumerlaeota	Sumerlaeia	Sumerlaeales	Sumerlaeaceae	Sumerlaea	NA
ASV1110	Bacteria	Planctomycetota	Planctomycetes	Planctomycetales	Schlesneriaceae	Planctopirus	NA
ASV1111	Bacteria	Proteobacteria	Gammaproteobacteria	Burkholderiales	Alcaligenaceae	Candidimonas	NA
ASV1112	Bacteria	Bacteroidota	Bacteroidia	Chitinophagales	Chitinophagaceae	Taibaiella	NA
ASV1113	Bacteria	Actinobacteriota	Actinobacteria	NA	NA	NA	NA
ASV1114	Bacteria	Bacteroidota	Bacteroidia	Sphingobacteriales	NS11-12 marine group	NA	NA
ASV1115	Bacteria	Proteobacteria	Alphaproteobacteria	Micavibrionales	NA	NA	NA
ASV1116	Bacteria	Proteobacteria	Alphaproteobacteria	Rhizobiales	Xanthobacteraceae	Pseudorhodoplanes	NA
ASV1117	Bacteria	Proteobacteria	Gammaproteobacteria	Burkholderiales	Comamonadaceae	Limnohabitans	NA
ASV1118	Bacteria	Verrucomicrobiota	Verrucomicrobiae	Opitutales	Opitutaceae	Lacunisphaera	NA
ASV1119	Bacteria	Proteobacteria	Gammaproteobacteria	Burkholderiales	Rhodocyclaceae	Dechlorobacter	NA
ASV1120	Bacteria	Proteobacteria	Alphaproteobacteria	Rhodobacterales	Rhodobacteraceae	Gemmobacter	NA
ASV1121	Bacteria	Acidobacteriota	Holophagae	Holophagales	Holophagaceae	NA	NA
ASV1122	Bacteria	Firmicutes	Clostridia	Peptostreptococcales-Tissierellales	Anaerovoracaceae	[Eubacterium] brachy group	NA
ASV1123	Bacteria	Firmicutes	Negativicutes	Veillonellales-Selenomonadales	Selenomonadaceae	Propionispira	NA
ASV1124	Bacteria	Firmicutes	Clostridia	NA	NA	NA	NA
ASV1125	Bacteria	Bacteroidota	Kapabacteria	Kapabacteriales	NA	NA	NA
ASV1127	Bacteria	Firmicutes	Negativicutes	Veillonellales-Selenomonadales	Veillonellaceae	NA	NA
ASV1128	Bacteria	Bacteroidota	Bacteroidia	Bacteroidales	Paludibacteraceae	Paludibacter	NA
ASV1129	Bacteria	Firmicutes	Clostridia	Peptostreptococcales-Tissierellales	Sedimentibacteraceae	Sedimentibacter	NA
ASV1130	Bacteria	Bacteroidota	Bacteroidia	Bacteroidales	Paludibacteraceae	Paludibacter	NA
ASV1131	Bacteria	Abditibacteriota	Abditibacteria	Abditibacteriales	Abditibacteriaceae	Abditibacterium	NA
ASV1132	Bacteria	Bacteroidota	Bacteroidia	Sphingobacteriales	Sphingobacteriaceae	Pedobacter	NA
ASV1133	Bacteria	Firmicutes	Bacilli	Paenibacillales	Paenibacillaceae	Paenibacillus	NA
ASV1134	Bacteria	Proteobacteria	Gammaproteobacteria	Burkholderiales	Comamonadaceae	NA	NA
ASV1135	Bacteria	Proteobacteria	Alphaproteobacteria	Rhizobiales	Beijerinckiaceae	Chelatococcus	NA
ASV1136	Bacteria	Firmicutes	Bacilli	Paenibacillales	Paenibacillaceae	Paenibacillus	NA
ASV1137	Bacteria	Proteobacteria	Alphaproteobacteria	Sphingomonadales	Sphingomonadaceae	Sphingoaurantiacus	NA
ASV1138	Bacteria	Proteobacteria	Alphaproteobacteria	Sphingomonadales	Sphingomonadaceae	Sphingobium	NA
ASV1139	Bacteria	Verrucomicrobiota	Verrucomicrobiae	Verrucomicrobiales	Verrucomicrobiaceae	Prosthecobacter	NA
ASV1140	Bacteria	Bacteroidota	Bacteroidia	Cytophagales	Bernardetiaceae	Bernardetia	NA
ASV1141	Bacteria	Proteobacteria	Alphaproteobacteria	Rhizobiales	Devosiaceae	Devosia	NA
ASV1142	Bacteria	Proteobacteria	Alphaproteobacteria	Rhizobiales	Xanthobacteraceae	Xanthobacter	NA
ASV1143	Bacteria	Bacteroidota	Bacteroidia	Cytophagales	Spirosomaceae	Emticicia	NA
ASV1144	Bacteria	Bacteroidota	Bacteroidia	Chitinophagales	Chitinophagaceae	Chitinophaga	NA
ASV1145	Bacteria	Proteobacteria	Alphaproteobacteria	Micropepsales	Micropepsaceae	NA	NA
ASV1146	Bacteria	Cyanobacteria	Sericytochromatia	NA	NA	NA	NA
ASV1147	Bacteria	Proteobacteria	Alphaproteobacteria	Rhizobiales	Devosiaceae	NA	NA
ASV1148	Bacteria	Proteobacteria	Alphaproteobacteria	Defluviicoccales	NA	NA	NA
ASV1149	Bacteria	Proteobacteria	Gammaproteobacteria	Burkholderiales	Alcaligenaceae	Achromobacter	NA
ASV1150	Bacteria	Actinobacteriota	Thermoleophilia	Solirubrobacterales	67-14	NA	NA
ASV1151	Bacteria	Proteobacteria	Gammaproteobacteria	Diplorickettsiales	Diplorickettsiaceae	Aquicella	NA
ASV1152	Bacteria	Proteobacteria	Alphaproteobacteria	Rhizobiales	Rhizobiaceae	Aminobacter	NA
ASV1153	Bacteria	Proteobacteria	Gammaproteobacteria	Burkholderiales	Comamonadaceae	Acidovorax	NA
ASV1154	Bacteria	Proteobacteria	Gammaproteobacteria	Burkholderiales	Comamonadaceae	Polaromonas	NA
ASV1155	Bacteria	Firmicutes	Clostridia	Lachnospirales	Lachnospiraceae	Lachnospiraceae UCG-010	NA
ASV1156	Bacteria	Firmicutes	Clostridia	Oscillospirales	Oscillospiraceae	NA	NA
ASV1157	Bacteria	Elusimicrobiota	Elusimicrobia	Lineage IV	NA	NA	NA
ASV1158	Bacteria	Elusimicrobiota	Rs-M47	NA	NA	NA	NA
ASV1159	Bacteria	Bacteroidota	Bacteroidia	Bacteroidales	Paludibacteraceae	Paludibacter	NA
ASV1160	Bacteria	Bacteroidota	Bacteroidia	Bacteroidales	Prolixibacteraceae	BSV13	NA
ASV1161	Bacteria	Firmicutes	Clostridia	Oscillospirales	Oscillospiraceae	NK4A214 group	NA
ASV1162	Bacteria	Spirochaetota	Spirochaetia	Spirochaetales	Spirochaetaceae	NA	NA
ASV1163	Bacteria	Bacteroidota	Bacteroidia	Bacteroidales	FTLpost3	NA	NA
ASV1164	Bacteria	Bacteroidota	Bacteroidia	Bacteroidales	Bacteroidaceae	Bacteroides	NA
ASV1165	Bacteria	Firmicutes	Clostridia	Christensenellales	Christensenellaceae	Christensenellaceae R-7 group	NA
ASV1166	Bacteria	Bacteroidota	Bacteroidia	Chitinophagales	Chitinophagaceae	Taibaiella	NA
ASV1167	Bacteria	Bacteroidota	Bacteroidia	Flavobacteriales	Flavobacteriaceae	Flavobacterium	NA
ASV1168	Bacteria	Actinobacteriota	Actinobacteria	Corynebacteriales	Nocardiaceae	Rhodococcus	NA
ASV1169	Bacteria	Bacteroidota	Bacteroidia	Flavobacteriales	Flavobacteriaceae	Flavobacterium	NA
ASV1170	Bacteria	Firmicutes	Bacilli	Izemoplasmatales	NA	NA	NA
ASV1171	Bacteria	Chloroflexi	Chloroflexia	Thermomicrobiales	JG30-KF-CM45	NA	NA
ASV1172	Bacteria	Bacteroidota	Bacteroidia	Flavobacteriales	Flavobacteriaceae	Flavobacterium	NA
ASV1173	Bacteria	Bdellovibrionota	Bdellovibrionia	Bacteriovoracales	Bacteriovoracaceae	Bacteriovorax	NA
ASV1174	Bacteria	Proteobacteria	Gammaproteobacteria	Burkholderiales	Comamonadaceae	NA	NA
ASV1175	Bacteria	Proteobacteria	Alphaproteobacteria	Acetobacterales	Acetobacteraceae	Rhodovastum	NA
ASV1176	Bacteria	Proteobacteria	Alphaproteobacteria	Rhodobacterales	Rhodobacteraceae	Amaricoccus	NA
ASV1177	Bacteria	Proteobacteria	Gammaproteobacteria	Burkholderiales	Comamonadaceae	Alicycliphilus	NA
ASV1178	Bacteria	Proteobacteria	Alphaproteobacteria	Caulobacterales	Caulobacteraceae	Brevundimonas	NA
ASV1179	Bacteria	Proteobacteria	Gammaproteobacteria	Burkholderiales	Oxalobacteraceae	Undibacterium	NA
ASV1180	Bacteria	Bacteroidota	Bacteroidia	Chitinophagales	Saprospiraceae	NA	NA
ASV1181	Bacteria	Proteobacteria	Alphaproteobacteria	Rhizobiales	Hyphomicrobiaceae	Hyphomicrobium	NA
ASV1182	Bacteria	Verrucomicrobiota	Verrucomicrobiae	Opitutales	Opitutaceae	IMCC26134	NA
ASV1183	Bacteria	Proteobacteria	Alphaproteobacteria	Rhizobiales	Rhizobiaceae	NA	NA
ASV1184	Bacteria	Firmicutes	Bacilli	RF39	NA	NA	NA
ASV1185	Bacteria	Firmicutes	Clostridia	Gracilibacteraceae	Lutispora	NA	NA
ASV1186	Bacteria	Firmicutes	Clostridia	Lachnospirales	Lachnospiraceae	Anaerostignum	NA
ASV1187	Bacteria	Firmicutes	Clostridia	Peptostreptococcales-Tissierellales	Acidaminobacteraceae	Acidaminobacter	NA
ASV1188	Bacteria	Firmicutes	Bacilli	Erysipelotrichales	Erysipelotrichaceae	Erysipelothrix	NA
ASV1189	Bacteria	Desulfobacterota	Desulfovibrionia	Desulfovibrionales	Desulfovibrionaceae	Desulfovibrio	NA
ASV1190	Bacteria	Bacteroidota	Bacteroidia	Bacteroidales	Rikenellaceae	Anaerocella	NA
ASV1191	Bacteria	Proteobacteria	Gammaproteobacteria	Burkholderiales	Rhodocyclaceae	NA	NA
ASV1192	Bacteria	Bacteroidota	Bacteroidia	Sphingobacteriales	Sphingobacteriaceae	Pedobacter	NA
ASV1193	Bacteria	Actinobacteriota	Acidimicrobiia	Microtrichales	Microtrichaceae	NA	NA
ASV1194	Bacteria	Proteobacteria	Alphaproteobacteria	Rhodobacterales	Rhodobacteraceae	Pseudorhodobacter	NA
ASV1195	Bacteria	Abditibacteriota	Abditibacteria	Abditibacteriales	Abditibacteriaceae	Abditibacterium	NA
ASV1196	Bacteria	Planctomycetota	Planctomycetes	Isosphaerales	Isosphaeraceae	Paludisphaera	NA
ASV1197	Bacteria	Bacteroidota	Bacteroidia	Flavobacteriales	Weeksellaceae	Empedobacter	NA
ASV1198	Bacteria	Proteobacteria	Alphaproteobacteria	Micropepsales	Micropepsaceae	NA	NA
ASV1199	Bacteria	Proteobacteria	Gammaproteobacteria	Burkholderiales	Comamonadaceae	NA	NA
ASV1200	Bacteria	Firmicutes	Bacilli	Lactobacillales	Streptococcaceae	Streptococcus	NA
ASV1201	Bacteria	Abditibacteriota	Abditibacteria	Abditibacteriales	Abditibacteriaceae	Abditibacterium	NA
ASV1202	Bacteria	Myxococcota	Polyangia	Polyangiales	Polyangiaceae	NA	NA
ASV1203	Bacteria	Bacteroidota	Bacteroidia	Chitinophagales	Chitinophagaceae	Ferruginibacter	NA
ASV1204	Bacteria	Bacteroidota	Bacteroidia	Chitinophagales	Chitinophagaceae	Edaphobaculum	NA
ASV1205	Bacteria	Bacteroidota	Bacteroidia	Flavobacteriales	Flavobacteriaceae	Flavobacterium	NA
ASV1206	Bacteria	Actinobacteriota	Actinobacteria	Propionibacteriales	Propionibacteriaceae	Luteococcus	NA
ASV1207	Bacteria	Proteobacteria	Alphaproteobacteria	Sphingomonadales	Sphingomonadaceae	Novosphingobium	NA
ASV1208	Bacteria	Actinobacteriota	Actinobacteria	Corynebacteriales	Corynebacteriaceae	Corynebacterium	NA
ASV1209	Bacteria	Bacteroidota	Bacteroidia	Flavobacteriales	Weeksellaceae	Empedobacter	NA
ASV1210	Bacteria	Proteobacteria	Gammaproteobacteria	Burkholderiales	Oxalobacteraceae	NA	NA
ASV1211	Bacteria	Proteobacteria	Alphaproteobacteria	Rhizobiales	Pleomorphomonadaceae	Pleomorphomonas	NA
ASV1212	Bacteria	Actinobacteriota	Actinobacteria	Corynebacteriales	Nocardiaceae	Gordonia	NA
ASV1213	Bacteria	Proteobacteria	Gammaproteobacteria	Burkholderiales	Comamonadaceae	NA	NA
ASV1214	Bacteria	Planctomycetota	Planctomycetes	Isosphaerales	Isosphaeraceae	NA	NA
ASV1215	Bacteria	Bacteroidota	Bacteroidia	Cytophagales	Spirosomaceae	Runella	NA
ASV1216	Bacteria	Firmicutes	Negativicutes	Veillonellales-Selenomonadales	Selenomonadaceae	Anaerovibrio	NA
ASV1217	Bacteria	Proteobacteria	Alphaproteobacteria	Rhizobiales	Rhizobiaceae	NA	NA
ASV1218	Bacteria	Bdellovibrionota	Bdellovibrionia	Bdellovibrionales	Bdellovibrionaceae	Bdellovibrio	NA
ASV1219	Bacteria	Proteobacteria	Gammaproteobacteria	Burkholderiales	Oxalobacteraceae	Noviherbaspirillum	NA
ASV1220	Bacteria	Proteobacteria	Alphaproteobacteria	Acetobacterales	Acetobacteraceae	Roseomonas	NA
ASV1221	Bacteria	Acidobacteriota	Blastocatellia	Blastocatellales	Blastocatellaceae	NA	NA
ASV1222	Bacteria	Campylobacterota	Campylobacteria	Campylobacterales	NA	NA	NA
ASV1223	Bacteria	Firmicutes	Clostridia	Peptostreptococcales-Tissierellales	Sedimentibacteraceae	Sedimentibacter	NA
ASV1224	Bacteria	Bacteroidota	Bacteroidia	Bacteroidales	Paludibacteraceae	NA	NA
ASV1225	Bacteria	Bacteroidota	Bacteroidia	Chitinophagales	Chitinophagaceae	NA	NA
ASV1226	Bacteria	Proteobacteria	Gammaproteobacteria	Burkholderiales	Comamonadaceae	Pseudorhodoferax	NA
ASV1227	Bacteria	Proteobacteria	Alphaproteobacteria	Rhodospirillales	Rhodospirillaceae	Candidatus Riegeria	NA
ASV1228	Bacteria	Bacteroidota	Bacteroidia	Chitinophagales	Chitinophagaceae	Edaphobaculum	NA
ASV1229	Bacteria	Planctomycetota	vadinHA49	NA	NA	NA	NA
ASV1230	Bacteria	Planctomycetota	Planctomycetes	Pirellulales	Pirellulaceae	Pirellula	NA
ASV1231	Bacteria	Proteobacteria	Alphaproteobacteria	Sphingomonadales	Sphingomonadaceae	Sphingobium	NA
ASV1232	Bacteria	Bacteroidota	Bacteroidia	Chitinophagales	Chitinophagaceae	NA	NA
ASV1233	Bacteria	Bacteroidota	Bacteroidia	Flavobacteriales	Flavobacteriaceae	Flavobacterium	NA
ASV1234	Bacteria	Proteobacteria	Alphaproteobacteria	Rhizobiales	Rhizobiaceae	NA	NA
ASV1235	Bacteria	Proteobacteria	Gammaproteobacteria	Burkholderiales	Nitrosomonadaceae	Nitrosospira	NA
ASV1236	Bacteria	Firmicutes	Clostridia	Peptostreptococcales-Tissierellales	Peptostreptococcaceae	Acetoanaerobium	NA
ASV1237	Bacteria	Proteobacteria	Alphaproteobacteria	Rhizobiales	A0839	NA	NA
ASV1238	Bacteria	Proteobacteria	Alphaproteobacteria	Defluviicoccales	NA	NA	NA
ASV1239	Bacteria	Bacteroidota	Bacteroidia	Chitinophagales	Chitinophagaceae	Edaphobaculum	NA
ASV1240	Bacteria	Actinobacteriota	Thermoleophilia	Solirubrobacterales	67-14	NA	NA
ASV1241	Bacteria	Bacteroidota	Bacteroidia	Cytophagales	Spirosomaceae	Persicitalea	NA
ASV1242	Bacteria	Proteobacteria	Gammaproteobacteria	Xanthomonadales	Xanthomonadaceae	Stenotrophomonas	NA
ASV1243	Bacteria	Proteobacteria	Alphaproteobacteria	Rhizobiales	Rhizobiaceae	Aminobacter	NA
ASV1244	Bacteria	Proteobacteria	Alphaproteobacteria	Rhizobiales	Stappiaceae	Pannonibacter	NA
ASV1245	Bacteria	Firmicutes	Clostridia	Clostridiales	Clostridiaceae	Clostridium sensu stricto 1	NA
ASV1246	Bacteria	Proteobacteria	Alphaproteobacteria	Rhodobacterales	Rhodobacteraceae	Roseibacterium	NA
ASV1247	Bacteria	Planctomycetota	Planctomycetes	Planctomycetales	Schlesneriaceae	Schlesneria	NA
ASV1248	Bacteria	Proteobacteria	Alphaproteobacteria	Rhizobiales	Hyphomicrobiaceae	Hyphomicrobium	NA
ASV1249	Bacteria	Proteobacteria	Alphaproteobacteria	Rhizobiales	A0839	NA	NA
ASV1250	Bacteria	Firmicutes	Clostridia	Oscillospirales	Hungateiclostridiaceae	Fastidiosipila	NA
ASV1251	Bacteria	Proteobacteria	Alphaproteobacteria	Rhodospirillales	NA	NA	NA
ASV1252	Bacteria	Firmicutes	Clostridia	Christensenellales	Christensenellaceae	NA	NA
ASV1253	Bacteria	Firmicutes	Syntrophomonadia	Syntrophomonadales	Syntrophomonadaceae	Syntrophomonas	NA
ASV1254	Bacteria	Patescibacteria	Gracilibacteria	NA	NA	NA	NA
ASV1255	Bacteria	Proteobacteria	Gammaproteobacteria	Enterobacterales	Idiomarinaceae	Aliidiomarina	NA
ASV1256	Bacteria	Verrucomicrobiota	Lentisphaeria	Victivallales	NA	NA	NA
ASV1257	Bacteria	Verrucomicrobiota	Lentisphaeria	Victivallales	NA	NA	NA
ASV1258	Bacteria	Firmicutes	Clostridia	NA	NA	NA	NA
ASV1259	Bacteria	Spirochaetota	Spirochaetia	Spirochaetales	Spirochaetaceae	NA	NA
ASV1260	Bacteria	Firmicutes	Negativicutes	Veillonellales-Selenomonadales	Sporomusaceae	NA	NA
ASV1261	Bacteria	Campylobacterota	Campylobacteria	Campylobacterales	Sulfurimonadaceae	Sulfuricurvum	NA
ASV1262	Bacteria	Proteobacteria	Gammaproteobacteria	Burkholderiales	Comamonadaceae	Giesbergeria	NA
ASV1263	Bacteria	Actinobacteriota	Actinobacteria	Propionibacteriales	Propionibacteriaceae	Propionicicella	NA
ASV1264	Bacteria	Campylobacterota	Campylobacteria	Campylobacterales	Sulfurimonadaceae	Sulfurimonas	NA
ASV1265	Bacteria	Bacteroidota	Bacteroidia	Bacteroidales	Bacteroidaceae	Bacteroides	NA
ASV1266	Bacteria	Proteobacteria	Alphaproteobacteria	Rhizobiales	Beijerinckiaceae	Microvirga	NA
ASV1267	Bacteria	Proteobacteria	Alphaproteobacteria	Rhizobiales	Xanthobacteraceae	Rhodopseudomonas	NA
ASV1268	Bacteria	Proteobacteria	Alphaproteobacteria	Rhizobiales	Rhizobiaceae	Allorhizobium-Neorhizobium-Pararhizobium-Rhizobium	NA
ASV1270	Bacteria	Proteobacteria	Gammaproteobacteria	Burkholderiales	Comamonadaceae	NA	NA
ASV1271	Bacteria	Proteobacteria	Alphaproteobacteria	Caulobacterales	Hyphomonadaceae	Hyphomonas	NA
ASV1272	Bacteria	Planctomycetota	Planctomycetes	Gemmatales	Gemmataceae	Gemmata	NA
ASV1273	Bacteria	Verrucomicrobiota	Verrucomicrobiae	Chthoniobacterales	Terrimicrobiaceae	Terrimicrobium	NA
ASV1274	Bacteria	Proteobacteria	Gammaproteobacteria	Xanthomonadales	Xanthomonadaceae	Luteimonas	NA
ASV1275	Bacteria	Bdellovibrionota	Bdellovibrionia	Bdellovibrionales	Bdellovibrionaceae	Bdellovibrio	NA
ASV1276	Bacteria	Proteobacteria	Alphaproteobacteria	Sphingomonadales	Sphingomonadaceae	NA	NA
ASV1277	Bacteria	Proteobacteria	Alphaproteobacteria	Rhizobiales	Rhizobiaceae	Pseudochrobactrum	NA
ASV1278	Bacteria	Proteobacteria	Gammaproteobacteria	Burkholderiales	Rhodocyclaceae	Propionivibrio	NA
ASV1279	Bacteria	Proteobacteria	Alphaproteobacteria	Rhizobiales	Ancalomicrobiaceae	Ancalomicrobium	NA
ASV1280	Bacteria	Actinobacteriota	Thermoleophilia	Solirubrobacterales	Solirubrobacteraceae	Conexibacter	NA
ASV1281	Bacteria	Proteobacteria	Alphaproteobacteria	Rhizobiales	A0839	NA	NA
ASV1282	Bacteria	Chloroflexi	Chloroflexia	Thermomicrobiales	JG30-KF-CM45	NA	NA
ASV1283	Bacteria	Proteobacteria	Alphaproteobacteria	Puniceispirillales	NA	NA	NA
ASV1284	Bacteria	Actinobacteriota	Actinobacteria	Micrococcales	Microbacteriaceae	Leucobacter	NA
ASV1285	Bacteria	Proteobacteria	Alphaproteobacteria	Rhodobacterales	Rhodobacteraceae	Gemmobacter	NA
ASV1286	Bacteria	Proteobacteria	Gammaproteobacteria	Burkholderiales	Rhodocyclaceae	NA	NA
ASV1287	Bacteria	Proteobacteria	Alphaproteobacteria	Acetobacterales	Acetobacteraceae	Roseococcus	NA
ASV1288	Bacteria	Firmicutes	Clostridia	Oscillospirales	Ruminococcaceae	Incertae Sedis	NA
ASV1289	Bacteria	Proteobacteria	Gammaproteobacteria	Burkholderiales	Comamonadaceae	Hydrogenophaga	NA
ASV1290	Bacteria	Proteobacteria	Alphaproteobacteria	Rhizobiales	Beijerinckiaceae	Qingshengfania	NA
ASV1291	Bacteria	Firmicutes	Negativicutes	Veillonellales-Selenomonadales	Sporomusaceae	NA	NA
ASV1292	Bacteria	Bacteroidota	Bacteroidia	Bacteroidales	Prevotellaceae	NA	NA
ASV1293	Bacteria	Firmicutes	Clostridia	Peptococcales	Peptococcaceae	NA	NA
ASV1294	Bacteria	Firmicutes	Clostridia	Oscillospirales	Hungateiclostridiaceae	Ruminiclostridium	NA
ASV1295	Bacteria	Desulfobacterota	Desulfuromonadia	Geobacterales	Geobacteraceae	Geobacter	NA
ASV1296	Bacteria	NA	NA	NA	NA	NA	NA
ASV1297	Bacteria	Proteobacteria	Gammaproteobacteria	Burkholderiales	Chromobacteriaceae	Paludibacterium	NA
ASV1298	Bacteria	Firmicutes	Clostridia	Christensenellales	Christensenellaceae	Christensenellaceae R-7 group	NA
ASV1300	Bacteria	Campylobacterota	Campylobacteria	Campylobacterales	Arcobacteraceae	Pseudarcobacter	NA
ASV1301	Bacteria	Bacteroidota	Bacteroidia	Bacteroidales	Rikenellaceae	Alistipes	NA
ASV1302	Bacteria	Proteobacteria	Gammaproteobacteria	Xanthomonadales	Xanthomonadaceae	Luteimonas	NA
ASV1303	Bacteria	Proteobacteria	Gammaproteobacteria	Legionellales	Legionellaceae	Legionella	NA
ASV1304	Bacteria	Proteobacteria	Gammaproteobacteria	Burkholderiales	Oxalobacteraceae	NA	NA
ASV1305	Bacteria	Proteobacteria	Alphaproteobacteria	Rhizobiales	Kaistiaceae	Kaistia	NA
ASV1306	Bacteria	Planctomycetota	Planctomycetes	Isosphaerales	Isosphaeraceae	Singulisphaera	NA
ASV1307	Bacteria	Proteobacteria	Alphaproteobacteria	Rickettsiales	SM2D12	NA	NA
ASV1308	Bacteria	Proteobacteria	Alphaproteobacteria	Rickettsiales	Rickettsiaceae	NA	NA
ASV1309	Bacteria	Proteobacteria	Alphaproteobacteria	Azospirillales	Azospirillaceae	Niveispirillum	NA
ASV1310	Bacteria	Cyanobacteria	Sericytochromatia	NA	NA	NA	NA
ASV1311	Bacteria	Proteobacteria	Alphaproteobacteria	Caulobacterales	Caulobacteraceae	Phenylobacterium	NA
ASV1312	Bacteria	Proteobacteria	Alphaproteobacteria	Rhizobiales	Rhizobiaceae	Mesorhizobium	NA
ASV1313	Bacteria	Proteobacteria	Alphaproteobacteria	Acetobacterales	Acetobacteraceae	Roseomonas	NA
ASV1314	Bacteria	Actinobacteriota	Actinobacteria	Micrococcales	Microbacteriaceae	Leucobacter	NA
ASV1315	Bacteria	Bacteroidota	Bacteroidia	Cytophagales	Spirosomaceae	Larkinella	NA
ASV1316	Bacteria	Bacteroidota	Bacteroidia	Sphingobacteriales	env.OPS 17	NA	NA
ASV1317	Bacteria	Bacteroidota	Bacteroidia	Flavobacteriales	Flavobacteriaceae	Flavobacterium	NA
ASV1318	Bacteria	Proteobacteria	Alphaproteobacteria	Rhizobiales	Xanthobacteraceae	Pseudolabrys	NA
ASV1319	Bacteria	Proteobacteria	Gammaproteobacteria	Xanthomonadales	Xanthomonadaceae	Thermomonas	NA
ASV1320	Bacteria	Actinobacteriota	Actinobacteria	Micrococcales	Microbacteriaceae	Leucobacter	NA
ASV1321	Bacteria	Actinobacteriota	Thermoleophilia	Solirubrobacterales	Solirubrobacteraceae	Patulibacter	NA
ASV1322	Bacteria	Actinobacteriota	Actinobacteria	Propionibacteriales	Propionibacteriaceae	Propionicicella	NA
ASV1323	Bacteria	Verrucomicrobiota	Verrucomicrobiae	Chthoniobacterales	Terrimicrobiaceae	Terrimicrobium	NA
ASV1324	Bacteria	Actinobacteriota	Acidimicrobiia	Microtrichales	NA	NA	NA
ASV1325	Bacteria	Proteobacteria	Gammaproteobacteria	Coxiellales	Coxiellaceae	Coxiella	NA
ASV1326	Bacteria	Bacteroidota	Bacteroidia	NA	NA	NA	NA
ASV1327	Bacteria	Firmicutes	Clostridia	Monoglobales	Monoglobaceae	Monoglobus	NA
ASV1328	Bacteria	Proteobacteria	Alphaproteobacteria	Rhodospirillales	Magnetospirillaceae	Telmatospirillum	NA
ASV1329	Bacteria	Proteobacteria	Gammaproteobacteria	Pseudomonadales	Halomonadaceae	Marinospirillum	NA
ASV1330	Bacteria	Bacteroidota	Bacteroidia	Bacteroidales	Prevotellaceae	Prevotellaceae UCG-004	NA
ASV1331	Bacteria	Bacteroidota	Ignavibacteria	Ignavibacteriales	Ignavibacteriaceae	Ignavibacterium	NA
ASV1332	Bacteria	Cyanobacteria	Vampirivibrionia	Gastranaerophilales	NA	NA	NA
ASV1333	Bacteria	Acidobacteriota	Holophagae	Holophagales	Holophagaceae	NA	NA
ASV1334	Bacteria	Firmicutes	Clostridia	Oscillospirales	Ruminococcaceae	Caproiciproducens	NA
ASV1335	Bacteria	Firmicutes	Clostridia	Christensenellales	Christensenellaceae	NA	NA
ASV1336	Bacteria	Bacteroidota	Bacteroidia	Bacteroidales	Rikenellaceae	NA	NA
ASV1337	Bacteria	Firmicutes	Bacilli	Bacillales	Planococcaceae	Planococcus	NA
ASV1338	Bacteria	Firmicutes	Clostridia	Oscillospirales	Oscillospiraceae	NK4A214 group	NA
ASV1339	Bacteria	Firmicutes	Clostridia	Oscillospirales	Hungateiclostridiaceae	Ruminiclostridium	NA
ASV1340	Bacteria	Bacteroidota	Bacteroidia	Bacteroidales	Prolixibacteraceae	BSV13	NA
ASV1341	Bacteria	Proteobacteria	Gammaproteobacteria	Enterobacterales	Enterobacteriaceae	NA	NA
ASV1342	Bacteria	Firmicutes	Bacilli	Paenibacillales	Paenibacillaceae	Paenibacillus	NA
ASV1343	Bacteria	Firmicutes	Bacilli	Lactobacillales	Enterococcaceae	NA	NA
ASV1344	Bacteria	Bdellovibrionota	Bdellovibrionia	Bdellovibrionales	Bdellovibrionaceae	Bdellovibrio	NA
ASV1345	Bacteria	Verrucomicrobiota	Verrucomicrobiae	Opitutales	Opitutaceae	NA	NA
ASV1346	Bacteria	Bacteroidota	Bacteroidia	Sphingobacteriales	env.OPS 17	NA	NA
ASV1347	Bacteria	Firmicutes	Clostridia	Eubacteriales	Eubacteriaceae	Pseudoramibacter	NA
ASV1348	Bacteria	Firmicutes	Clostridia	Peptostreptococcales-Tissierellales	Anaerovoracaceae	Anaerovorax	NA
ASV1349	Bacteria	Planctomycetota	Planctomycetes	Pirellulales	Pirellulaceae	Pir4 lineage	NA
ASV1350	Bacteria	Proteobacteria	Gammaproteobacteria	Xanthomonadales	Rhodanobacteraceae	NA	NA
ASV1351	Bacteria	Deinococcota	Deinococci	Deinococcales	Deinococcaceae	Deinococcus	NA
ASV1352	Bacteria	Cyanobacteria	Sericytochromatia	NA	NA	NA	NA
ASV1353	Bacteria	Acidobacteriota	Acidobacteriae	Paludibaculum	NA	NA	NA
ASV1354	Bacteria	Bacteroidota	Bacteroidia	Cytophagales	Spirosomaceae	Dyadobacter	NA
ASV1355	Bacteria	Proteobacteria	Alphaproteobacteria	Rhizobiales	Rhizobiaceae	Aminobacter	NA
ASV1356	Bacteria	Proteobacteria	Alphaproteobacteria	Caulobacterales	Caulobacteraceae	Brevundimonas	NA
ASV1357	Bacteria	Planctomycetota	Planctomycetes	Pirellulales	Pirellulaceae	Pirellula	NA
ASV1358	Bacteria	Bacteroidota	Bacteroidia	Cytophagales	Spirosomaceae	Dyadobacter	NA
ASV1359	Bacteria	Proteobacteria	Alphaproteobacteria	Rhizobiales	Kaistiaceae	Kaistia	NA
ASV1360	Bacteria	LCP-89	NA	NA	NA	NA	NA
ASV1361	Bacteria	Firmicutes	Clostridia	Peptostreptococcales-Tissierellales	Anaerovoracaceae	Mogibacterium	NA
ASV1362	Bacteria	Firmicutes	Clostridia	Oscillospirales	Ruminococcaceae	Anaerofilum	NA
ASV1363	Bacteria	Firmicutes	Clostridia	Eubacteriales	Anaerofustaceae	Anaerofustis	NA
ASV1364	Bacteria	Firmicutes	Clostridia	Christensenellales	Christensenellaceae	Christensenellaceae R-7 group	NA
ASV1365	Bacteria	Firmicutes	Clostridia	Lachnospirales	Lachnospiraceae	Anaerocolumna	NA
ASV1366	Bacteria	Bacteroidota	Bacteroidia	Sphingobacteriales	Lentimicrobiaceae	Lentimicrobium	NA
ASV1367	Bacteria	Bacteroidota	Bacteroidia	Bacteroidales	Paludibacteraceae	Paludibacter	NA
ASV1368	Bacteria	Firmicutes	Clostridia	Oscillospirales	Hungateiclostridiaceae	Ruminiclostridium	NA
ASV1369	Bacteria	Firmicutes	Bacilli	Lactobacillales	Carnobacteriaceae	Carnobacterium	NA
ASV1370	Bacteria	Proteobacteria	Alphaproteobacteria	Paracaedibacterales	Paracaedibacteraceae	NA	NA
ASV1371	Bacteria	Bacteroidota	Bacteroidia	Bacteroidales	Bacteroidaceae	Bacteroides	NA
ASV1372	Bacteria	Bacteroidota	Bacteroidia	Chitinophagales	Chitinophagaceae	NA	NA
ASV1373	Bacteria	Actinobacteriota	Actinobacteria	Frankiales	Nakamurellaceae	Nakamurella	NA
ASV1374	Bacteria	Proteobacteria	Alphaproteobacteria	Caulobacterales	Caulobacteraceae	Asticcacaulis	NA
ASV1376	Bacteria	Proteobacteria	Gammaproteobacteria	Xanthomonadales	Xanthomonadaceae	Pseudoxanthomonas	NA
ASV1377	Bacteria	Proteobacteria	Alphaproteobacteria	Rhizobiales	Xanthobacteraceae	Ancylobacter	NA
ASV1378	Bacteria	Bdellovibrionota	Bdellovibrionia	Bdellovibrionales	Bdellovibrionaceae	Bdellovibrio	NA
ASV1379	Bacteria	Cyanobacteria	Sericytochromatia	NA	NA	NA	NA
ASV1380	Bacteria	Bacteroidota	Bacteroidia	Cytophagales	Spirosomaceae	Dyadobacter	NA
ASV1381	Bacteria	Abditibacteriota	Abditibacteria	Abditibacteriales	Abditibacteriaceae	Abditibacterium	NA
ASV1382	Bacteria	Planctomycetota	Planctomycetes	Planctomycetales	Rubinisphaeraceae	Planctomicrobium	NA
ASV1383	Bacteria	Bacteroidota	Bacteroidia	Cytophagales	Bernardetiaceae	Bernardetia	NA
ASV1384	Bacteria	Firmicutes	Clostridia	Christensenellales	Christensenellaceae	Christensenellaceae R-7 group	NA
ASV1385	Bacteria	Bacteroidota	Bacteroidia	Chitinophagales	Chitinophagaceae	Flavihumibacter	NA
ASV1386	Bacteria	Verrucomicrobiota	Verrucomicrobiae	Verrucomicrobiales	DEV007	NA	NA
ASV1387	Bacteria	Planctomycetota	Planctomycetes	Pirellulales	Pirellulaceae	Rhodopirellula	NA
ASV1388	Bacteria	Bacteroidota	Bacteroidia	Bacteroidales	Williamwhitmaniaceae	Acetobacteroides	NA
ASV1389	Bacteria	Proteobacteria	Alphaproteobacteria	Rhizobiales	Devosiaceae	NA	NA
ASV1390	Bacteria	Planctomycetota	Planctomycetes	Planctomycetales	Rubinisphaeraceae	Planctomicrobium	NA
ASV1391	Bacteria	Proteobacteria	Gammaproteobacteria	Enterobacterales	Alteromonadaceae	Alishewanella	NA
ASV1392	Bacteria	Firmicutes	Clostridia	Clostridiales	Clostridiaceae	Clostridium sensu stricto 12	NA
ASV1393	Bacteria	Bacteroidota	Kapabacteria	Kapabacteriales	NA	NA	NA
ASV1394	Bacteria	Patescibacteria	Saccharimonadia	Saccharimonadales	LWQ8	NA	NA
ASV1395	Bacteria	Firmicutes	Clostridia	NA	NA	NA	NA
ASV1396	Bacteria	Actinobacteriota	Actinobacteria	Corynebacteriales	Mycobacteriaceae	Mycobacterium	NA
ASV1397	Bacteria	Patescibacteria	Berkelbacteria	NA	NA	NA	NA
ASV1398	Bacteria	Margulisbacteria	NA	NA	NA	NA	NA
ASV1400	Bacteria	Bacteroidota	Kapabacteria	Kapabacteriales	NA	NA	NA
ASV1401	Bacteria	Cloacimonadota	Cloacimonadia	Cloacimonadales	Cloacimonadaceae	NA	NA
ASV1402	Bacteria	Firmicutes	Clostridia	Oscillospirales	NA	NA	NA
ASV1403	Bacteria	Desulfobacterota	Desulfovibrionia	Desulfovibrionales	Desulfovibrionaceae	Bilophila	NA
ASV1404	Bacteria	Bacteroidota	Bacteroidia	Bacteroidales	Bacteroidaceae	Bacteroides	NA
ASV1405	Bacteria	Firmicutes	Clostridia	Lachnospirales	Lachnospiraceae	NA	NA
ASV1406	Bacteria	Bacteroidota	Bacteroidia	Bacteroidales	Paludibacteraceae	Paludibacter	NA
ASV1407	Bacteria	Bacteroidota	Bacteroidia	Bacteroidales	Dysgonomonadaceae	NA	NA
ASV1408	Bacteria	Firmicutes	Negativicutes	Veillonellales-Selenomonadales	Sporomusaceae	Anaeromusa-Anaeroarcus	NA
ASV1409	Bacteria	Firmicutes	Clostridia	Clostridia UCG-014	NA	NA	NA
ASV1410	Bacteria	Elusimicrobiota	Elusimicrobia	Lineage IV	NA	NA	NA
ASV1411	Bacteria	Verrucomicrobiota	Kiritimatiellae	WCHB1-41	NA	NA	NA
ASV1412	Bacteria	Patescibacteria	Gracilibacteria	NA	NA	NA	NA
ASV1413	Bacteria	Firmicutes	Clostridia	Peptostreptococcales-Tissierellales	Sedimentibacteraceae	Sedimentibacter	NA
ASV1414	Bacteria	Proteobacteria	Alphaproteobacteria	Rhodospirillales	Magnetospirillaceae	Telmatospirillum	NA
ASV1415	Bacteria	Firmicutes	Clostridia	Oscillospirales	Ruminococcaceae	Ruminococcus	NA
ASV1416	Bacteria	Bacteroidota	Bacteroidia	Flavobacteriales	Weeksellaceae	Empedobacter	NA
ASV1417	Bacteria	Proteobacteria	Alphaproteobacteria	Sphingomonadales	Sphingomonadaceae	NA	NA
ASV1418	Bacteria	Proteobacteria	Gammaproteobacteria	Burkholderiales	Comamonadaceae	NA	NA
ASV1419	Bacteria	Proteobacteria	Gammaproteobacteria	Pseudomonadales	Moraxellaceae	Acinetobacter	NA
ASV1420	Bacteria	Verrucomicrobiota	Verrucomicrobiae	Pedosphaerales	Pedosphaeraceae	ADurb.Bin063-1	NA
ASV1421	Bacteria	NA	NA	NA	NA	NA	NA
ASV1422	Bacteria	Bacteroidota	Bacteroidia	Cytophagales	Spirosomaceae	Larkinella	NA
ASV1423	Bacteria	Bacteroidota	Bacteroidia	Cytophagales	Spirosomaceae	Leadbetterella	NA
ASV1424	Bacteria	Proteobacteria	Alphaproteobacteria	Rhizobiales	Rhizobiaceae	NA	NA
ASV1425	Bacteria	Bacteroidota	Bacteroidia	Flavobacteriales	NS9 marine group	NA	NA
ASV1426	Bacteria	Bacteroidota	Bacteroidia	Flavobacteriales	Weeksellaceae	Algoriella	NA
ASV1427	Bacteria	Proteobacteria	Alphaproteobacteria	Rhodobacterales	Rhodobacteraceae	NA	NA
ASV1428	Bacteria	Verrucomicrobiota	Verrucomicrobiae	Verrucomicrobiales	Verrucomicrobiaceae	NA	NA
ASV1429	Bacteria	Proteobacteria	Gammaproteobacteria	Xanthomonadales	Xanthomonadaceae	Stenotrophomonas	NA
ASV1430	Bacteria	Proteobacteria	Alphaproteobacteria	Micavibrionales	NA	NA	NA
ASV1431	Bacteria	Planctomycetota	Planctomycetes	Pirellulales	Pirellulaceae	Pirellula	NA
ASV1432	Bacteria	Bacteroidota	Bacteroidia	Sphingobacteriales	Sphingobacteriaceae	Sphingobacterium	NA
ASV1433	Bacteria	Campylobacterota	Campylobacteria	Campylobacterales	Sulfurospirillaceae	Sulfurospirillum	NA
ASV1434	Bacteria	Abditibacteriota	Abditibacteria	Abditibacteriales	Abditibacteriaceae	Abditibacterium	NA
ASV1435	Bacteria	Proteobacteria	Alphaproteobacteria	Acetobacterales	Acetobacteraceae	Roseomonas	NA
ASV1436	Bacteria	Planctomycetota	Planctomycetes	Isosphaerales	Isosphaeraceae	Singulisphaera	NA
ASV1437	Bacteria	Actinobacteriota	Actinobacteria	Micrococcales	Microbacteriaceae	Leucobacter	NA
ASV1438	Bacteria	Bdellovibrionota	Bdellovibrionia	Bdellovibrionales	Bdellovibrionaceae	Bdellovibrio	NA
ASV1439	Bacteria	Actinobacteriota	Actinobacteria	Propionibacteriales	Propionibacteriaceae	Propionicicella	NA
ASV1440	Bacteria	Bacteroidota	Bacteroidia	Cytophagales	Spirosomaceae	Dyadobacter	NA
ASV1441	Bacteria	Gemmatimonadota	Gemmatimonadetes	Gemmatimonadales	Gemmatimonadaceae	Gemmatimonas	NA
ASV1442	Bacteria	Bacteroidota	Bacteroidia	Bacteroidales	Bacteroidaceae	Bacteroides	NA
ASV1443	Bacteria	Proteobacteria	Alphaproteobacteria	Sphingomonadales	Sphingomonadaceae	Sphingoaurantiacus	NA
ASV1444	Bacteria	Proteobacteria	Alphaproteobacteria	Acetobacterales	Acetobacteraceae	Roseomonas	NA
ASV1445	Bacteria	Actinobacteriota	Thermoleophilia	Gaiellales	NA	NA	NA
ASV1446	Bacteria	Proteobacteria	Alphaproteobacteria	Rhizobiales	Rhizobiales Incertae Sedis	Phreatobacter	NA
ASV1447	Bacteria	Firmicutes	Bacilli	Lactobacillales	Streptococcaceae	Streptococcus	NA
ASV1448	Bacteria	Firmicutes	Clostridia	Oscillospirales	Butyricicoccaceae	NA	NA
ASV1449	Bacteria	Proteobacteria	Gammaproteobacteria	Pseudomonadales	Nitrincolaceae	Nitrincola	NA
ASV1450	Bacteria	Bacteroidota	Bacteroidia	Bacteroidales	Marinifilaceae	NA	NA
ASV1451	Bacteria	Verrucomicrobiota	Lentisphaeria	Victivallales	GWF2-44-16	NA	NA
ASV1452	Bacteria	Firmicutes	Negativicutes	Veillonellales-Selenomonadales	Sporomusaceae	Pelosinus	NA
ASV1453	Bacteria	Proteobacteria	Alphaproteobacteria	Elsterales	Elsteraceae	Aliidongia	NA
ASV1454	Bacteria	Proteobacteria	Alphaproteobacteria	Acetobacterales	Acetobacteraceae	Acidocella	NA
ASV1455	Bacteria	Firmicutes	Clostridia	NA	NA	NA	NA
ASV1456	Bacteria	Synergistota	Synergistia	Synergistales	Synergistaceae	NA	NA
ASV1457	Bacteria	Proteobacteria	Gammaproteobacteria	Enterobacterales	Alteromonadaceae	Alishewanella	NA
ASV1458	Bacteria	Bacteroidota	Bacteroidia	Sphingobacteriales	Lentimicrobiaceae	Lentimicrobium	NA
ASV1459	Bacteria	Bacteroidota	Bacteroidia	Bacteroidales	Dysgonomonadaceae	NA	NA
ASV1460	Bacteria	Spirochaetota	Spirochaetia	Spirochaetales	Spirochaetaceae	NA	NA
ASV1461	Bacteria	Firmicutes	Clostridia	Oscillospirales	Ruminococcaceae	CAG-352	NA
ASV1462	Bacteria	Bacteroidota	Bacteroidia	Cytophagales	Spirosomaceae	Leadbetterella	NA
ASV1463	Bacteria	Bacteroidota	Bacteroidia	Chitinophagales	Chitinophagaceae	Ferruginibacter	NA
ASV1464	Bacteria	Proteobacteria	Alphaproteobacteria	Sphingomonadales	Sphingomonadaceae	Sphingosinicella	NA
ASV1465	Bacteria	Firmicutes	Clostridia	Clostridia vadinBB60 group	NA	NA	NA
ASV1466	Bacteria	Bdellovibrionota	Oligoflexia	Oligoflexales	Oligoflexaceae	Oligoflexus	NA
ASV1467	Bacteria	Bacteroidota	Bacteroidia	Sphingobacteriales	Sphingobacteriaceae	Sphingobacterium	NA
ASV1468	Bacteria	Verrucomicrobiota	Verrucomicrobiae	Verrucomicrobiales	Rubritaleaceae	Luteolibacter	NA
ASV1469	Bacteria	Proteobacteria	Alphaproteobacteria	Acetobacterales	Acetobacteraceae	Rhodovarius	NA
ASV1470	Bacteria	Bacteroidota	Bacteroidia	Flavobacteriales	Flavobacteriaceae	Flavobacterium	NA
ASV1471	Bacteria	Armatimonadota	Fimbriimonadia	Fimbriimonadales	Fimbriimonadaceae	NA	NA
ASV1472	Bacteria	Gemmatimonadota	Gemmatimonadetes	Gemmatimonadales	Gemmatimonadaceae	Gemmatimonas	NA
ASV1473	Bacteria	Proteobacteria	Alphaproteobacteria	Sphingomonadales	Sphingomonadaceae	Polymorphobacter	NA
ASV1474	Bacteria	Desulfobacterota	Desulfuromonadia	PB19	NA	NA	NA
ASV1475	Bacteria	Proteobacteria	Alphaproteobacteria	Rhizobiales	Hyphomicrobiaceae	Hyphomicrobium	NA
ASV1476	Bacteria	Bacteroidota	Bacteroidia	Chitinophagales	Chitinophagaceae	Chitinophaga	NA
ASV1477	Bacteria	Planctomycetota	Planctomycetes	Planctomycetales	Schlesneriaceae	Schlesneria	NA
ASV1478	Bacteria	Bacteroidota	Bacteroidia	Sphingobacteriales	NS11-12 marine group	NA	NA
ASV1479	Bacteria	Bdellovibrionota	Bdellovibrionia	Bdellovibrionales	Bdellovibrionaceae	Bdellovibrio	NA
ASV1480	Bacteria	Bacteroidota	Bacteroidia	Chitinophagales	Chitinophagaceae	Edaphobaculum	NA
ASV1481	Bacteria	Bacteroidota	Bacteroidia	Cytophagales	Spirosomaceae	Lacihabitans	NA
ASV1482	Bacteria	Planctomycetota	Planctomycetes	Planctomycetales	Schlesneriaceae	Schlesneria	NA
ASV1483	Bacteria	Cyanobacteria	Sericytochromatia	NA	NA	NA	NA
ASV1484	Bacteria	Planctomycetota	Planctomycetes	Pirellulales	Pirellulaceae	Blastopirellula	NA
ASV1485	Bacteria	Proteobacteria	Gammaproteobacteria	Xanthomonadales	Xanthomonadaceae	Thermomonas	NA
ASV1486	Bacteria	Acidobacteriota	Blastocatellia	Blastocatellales	Blastocatellaceae	NA	NA
ASV1487	Bacteria	Bacteroidota	Bacteroidia	Chitinophagales	Chitinophagaceae	Ferruginibacter	NA
ASV1488	Bacteria	Proteobacteria	Gammaproteobacteria	Burkholderiales	Burkholderiaceae	Lautropia	NA
ASV1489	Bacteria	Bacteroidota	Bacteroidia	Cytophagales	Spirosomaceae	Dyadobacter	NA
ASV1490	Bacteria	Bacteroidota	Bacteroidia	Cytophagales	Spirosomaceae	Runella	NA
ASV1491	Bacteria	Bacteroidota	Bacteroidia	Bacteroidales	Tannerellaceae	Parabacteroides	NA
ASV1492	Bacteria	Actinobacteriota	Acidimicrobiia	Microtrichales	Microtrichaceae	IMCC26207	NA
ASV1493	Bacteria	Verrucomicrobiota	Verrucomicrobiae	Pedosphaerales	Pedosphaeraceae	NA	NA
ASV1494	Bacteria	NA	NA	NA	NA	NA	NA
ASV1495	Bacteria	Cloacimonadota	Cloacimonadia	Cloacimonadales	NA	NA	NA
ASV1496	Bacteria	Bacteroidota	Bacteroidia	Bacteroidales	Rikenellaceae	U29-B03	NA
ASV1497	Bacteria	Bacteroidota	Bacteroidia	Bacteroidales	Bacteroidaceae	Bacteroides	NA
ASV1498	Bacteria	Chloroflexi	Anaerolineae	Anaerolineales	Anaerolineaceae	Leptolinea	NA
ASV1499	Bacteria	NA	NA	NA	NA	NA	NA
ASV1500	Bacteria	Sumerlaeota	Sumerlaeia	Sumerlaeales	Sumerlaeaceae	Sumerlaea	NA
ASV1501	Bacteria	Verrucomicrobiota	Lentisphaeria	Victivallales	vadinBE97	NA	NA
ASV1502	Bacteria	Verrucomicrobiota	Lentisphaeria	Victivallales	Victivallaceae	NA	NA
ASV1503	Bacteria	Proteobacteria	Alphaproteobacteria	Paracaedibacterales	Paracaedibacteraceae	NA	NA
ASV1504	Bacteria	Patescibacteria	Gracilibacteria	NA	NA	NA	NA
ASV1505	Bacteria	NA	NA	NA	NA	NA	NA
ASV1506	Bacteria	Bacteroidota	Bacteroidia	Bacteroidales	Tannerellaceae	Parabacteroides	NA
ASV1507	Bacteria	Firmicutes	Desulfitobacteriia	Desulfitobacteriales	Syntrophobotulaceae	Syntrophobotulus	NA
ASV1508	Bacteria	Bacteroidota	Bacteroidia	Flavobacteriales	Weeksellaceae	Cloacibacterium	NA
ASV1509	Bacteria	Firmicutes	Syntrophomonadia	Syntrophomonadales	Syntrophomonadaceae	Syntrophomonas	NA
ASV1510	Bacteria	Firmicutes	Clostridia	Oscillospirales	UCG-010	NA	NA
ASV1511	Bacteria	Firmicutes	Clostridia	Oscillospirales	Oscillospiraceae	NK4A214 group	NA
ASV1512	Bacteria	Bacteroidota	Bacteroidia	Bacteroidales	Rikenellaceae	Alistipes	NA
ASV1513	Bacteria	Proteobacteria	Gammaproteobacteria	Xanthomonadales	Xanthomonadaceae	Arenimonas	NA
ASV1514	Bacteria	Myxococcota	Polyangia	Polyangiales	Polyangiaceae	Pajaroellobacter	NA
ASV1515	Bacteria	Armatimonadota	Fimbriimonadia	Fimbriimonadales	Fimbriimonadaceae	Fimbriimonas	NA
ASV1516	Bacteria	Proteobacteria	Gammaproteobacteria	Xanthomonadales	Xanthomonadaceae	Luteimonas	NA
ASV1517	Bacteria	Firmicutes	Clostridia	Oscillospirales	Ruminococcaceae	[Eubacterium] siraeum group	NA
ASV1518	Bacteria	Actinobacteriota	Actinobacteria	Corynebacteriales	Corynebacteriaceae	Corynebacterium	NA
ASV1519	Bacteria	Verrucomicrobiota	Kiritimatiellae	WCHB1-41	NA	NA	NA
ASV1520	Bacteria	Bacteroidota	Bacteroidia	Bacteroidales	Marinilabiliaceae	Saccharicrinis	NA
ASV1521	Bacteria	Bacteroidota	Kapabacteria	Kapabacteriales	NA	NA	NA
ASV1522	Bacteria	Planctomycetota	Planctomycetes	Planctomycetales	Schlesneriaceae	Schlesneria	NA
ASV1523	Bacteria	Bacteroidota	Bacteroidia	Chitinophagales	Saprospiraceae	NA	NA
ASV1524	Bacteria	Actinobacteriota	Acidimicrobiia	Microtrichales	NA	NA	NA
ASV1525	Bacteria	Proteobacteria	Gammaproteobacteria	Enterobacterales	Vibrionaceae	Vibrio	NA
ASV1526	Bacteria	Verrucomicrobiota	Verrucomicrobiae	Chthoniobacterales	Terrimicrobiaceae	Terrimicrobium	NA
ASV1527	Bacteria	Proteobacteria	Gammaproteobacteria	Xanthomonadales	Rhodanobacteraceae	Ahniella	NA
ASV1528	Bacteria	Proteobacteria	Alphaproteobacteria	Rhizobiales	Rhizobiales Incertae Sedis	Phreatobacter	NA
ASV1529	Bacteria	Proteobacteria	Alphaproteobacteria	Sphingomonadales	Sphingomonadaceae	NA	NA
ASV1530	Bacteria	Acidobacteriota	Blastocatellia	Blastocatellales	Blastocatellaceae	Blastocatella	NA
ASV1531	Bacteria	Bacteroidota	Rhodothermia	Rhodothermales	Rhodothermaceae	NA	NA
ASV1532	Bacteria	Patescibacteria	Gracilibacteria	JGI 0000069-P22	NA	NA	NA
ASV1533	Bacteria	Patescibacteria	NA	NA	NA	NA	NA
ASV1534	Bacteria	Chloroflexi	Anaerolineae	SBR1031	A4b	NA	NA
ASV1536	Bacteria	Gemmatimonadota	Gemmatimonadetes	Gemmatimonadales	Gemmatimonadaceae	NA	NA
ASV1537	Bacteria	Actinobacteriota	Actinobacteria	Actinomycetales	Actinomycetaceae	Actinomyces	NA
ASV1538	Bacteria	Acidobacteriota	Acidobacteriae	NA	NA	NA	NA
ASV1539	Bacteria	Actinobacteriota	Actinobacteria	Propionibacteriales	Propionibacteriaceae	Cutibacterium	NA
ASV1540	Bacteria	Proteobacteria	Gammaproteobacteria	Xanthomonadales	Rhodanobacteraceae	Dokdonella	NA
ASV1541	Bacteria	Verrucomicrobiota	Verrucomicrobiae	Opitutales	Opitutaceae	Cephaloticoccus	NA
ASV1542	Bacteria	Bacteroidota	Bacteroidia	Flavobacteriales	Crocinitomicaceae	Fluviicola	NA
ASV1543	Bacteria	Firmicutes	Clostridia	Christensenellales	Christensenellaceae	Christensenellaceae R-7 group	NA
ASV1544	Bacteria	Firmicutes	Clostridia	Clostridia vadinBB60 group	NA	NA	NA
ASV1545	Bacteria	Firmicutes	Clostridia	Clostridia vadinBB60 group	NA	NA	NA
ASV1546	Bacteria	Planctomycetota	Planctomycetes	Pirellulales	Pirellulaceae	Pirellula	NA
ASV1549	Bacteria	Proteobacteria	Alphaproteobacteria	Rickettsiales	NA	NA	NA
ASV1550	Bacteria	Firmicutes	Bacilli	Lactobacillales	Lactobacillaceae	Leuconostoc	NA
ASV1551	Bacteria	Firmicutes	Bacilli	RF39	NA	NA	NA
ASV1552	Bacteria	Armatimonadota	NA	NA	NA	NA	NA
ASV1553	Bacteria	Verrucomicrobiota	Lentisphaeria	Victivallales	PRD18C08	NA	NA
ASV1554	Bacteria	Bacteroidota	Kapabacteria	Kapabacteriales	NA	NA	NA
ASV1555	Bacteria	Firmicutes	Clostridia	Oscillospirales	NA	NA	NA
ASV1556	Bacteria	Firmicutes	Clostridia	Oscillospirales	Ruminococcaceae	NA	NA
ASV1557	Bacteria	Firmicutes	Clostridia	Clostridiales	Caloramatoraceae	Fonticella	NA
ASV1558	Bacteria	Firmicutes	Clostridia	Monoglobales	Monoglobaceae	Monoglobus	NA
